sentence,token,tag
1,The,b
1,1874,i
1,Nova,i
1,Scotia,i
1,general,i
1,election,i
1,was,O
1,held,O
1,on,O
1,17,O
1,December,O
1,1874,O
1,to,O
1,elect,O
1,members,O
1,of,O
1,the,O
1,26th,b
1,House,i
1,of,i
1,Assembly,i
1,of,i
1,the,i
1,Province,i
1,of,i
1,Nova,i
1,Scotia,i
1,",",O
1,Canada,O
1,.,O
2,It,O
2,was,O
2,won,O
2,by,O
2,the,O
2,Liberal,O
2,party,O
2,.,O
3,The,b
3,December,i
3,1981,i
3,windstorm,i
3,was,O
3,a,O
3,severe,O
3,storm,O
3,that,O
3,particularly,O
3,affected,O
3,southern,O
3,England,O
3,",",O
3,Wales,O
3,and,O
3,south,O
3,west,O
3,France,O
3,during,O
3,13,O
3,December,O
3,1981,O
3,.,O
4,The,O
4,storm,O
4,formed,O
4,as,O
4,a,O
4,secondary,O
4,low,O
4,.,O
5,In,O
5,England,O
5,",",O
5,the,O
5,storm,O
5,started,O
5,with,O
5,violent,O
5,winds,O
5,and,O
5,snow,O
5,",",O
5,which,O
5,reached,O
5,Cornwall,O
5,during,O
5,the,O
5,morning,O
5,.,O
6,Prior,O
6,to,O
6,its,O
6,arrival,O
6,a,O
6,number,O
6,of,O
6,record,O
6,low,O
6,temperatures,O
6,were,O
6,reached,O
6,for,O
6,December,O
6,",",O
6,with,O
6,-25.1C,O
6,at,O
6,RAF,O
6,Shawbury,O
6,in,O
6,Shropshire,O
6,and,O
6,-5.9C,O
6,in,O
6,Southampton,O
6,.,O
7,In,O
7,the,O
7,evening,O
7,spring,O
7,tides,O
7,combined,O
7,with,O
7,a,O
7,1.45,O
7,m,O
7,(,O
7,4.8,O
7,ft,O
7,),O
7,storm,O
7,surge,O
7,resulted,O
7,in,O
7,the,O
7,highest,O
7,water,O
7,levels,O
7,recorded,O
7,in,O
7,the,O
7,Bristol,O
7,Channel,O
7,since,O
7,the,O
7,start,O
7,of,O
7,the,b
7,20th,i
7,century,i
7,.,O
8,Water,O
8,from,O
8,melting,O
8,snow,O
8,",",O
8,caused,O
8,by,O
8,milder,O
8,weather,O
8,accompanying,O
8,the,O
8,depression,O
8,",",O
8,added,O
8,to,O
8,the,O
8,flooding,O
8,.,O
9,The,O
9,maximum,O
9,surge,O
9,at,O
9,Hinkley,O
9,Point,O
9,was,O
9,measured,O
9,at,O
9,1.3,O
9,metres,O
9,(,O
9,4,O
9,ft,O
9,3,O
9,in,O
9,),O
9,above,O
9,the,O
9,7.4,O
9,metres,O
9,(,O
9,24,O
9,ft,O
9,),O
9,tidal,O
9,level,O
9,Ordnance,O
9,Datum,O
9,(,O
9,OD,O
9,),O
9,at,O
9,2025,O
9,hours,O
9,",",O
9,and,O
9,1.3,O
9,metres,O
9,(,O
9,4,O
9,ft,O
9,3,O
9,in,O
9,),O
9,measured,O
9,at,O
9,Avonmouth,O
9,.,O
10,The,O
10,wind,O
10,was,O
10,measured,O
10,at,O
10,40,O
10,knots,O
10,(,O
10,74,O
10,km/h,O
10,;,O
10,46,O
10,mph,O
10,),O
10,from,O
10,the,O
10,west,O
10,.,O
11,Over,O
11,topping,O
11,of,O
11,the,O
11,sea,O
11,defences,O
11,along,O
11,a,O
11,7,O
11,miles,O
11,(,O
11,11,O
11,km,O
11,),O
11,stretch,O
11,of,O
11,the,O
11,North,O
11,Somerset,O
11,coast,O
11,at,O
11,22,O
11,locations,O
11,from,O
11,Clevedon,O
11,to,O
11,Porlock,O
11,began,O
11,after,O
11,19:30,O
11,",",O
11,and,O
11,continued,O
11,until,O
11,about,O
11,21:30,O
11,when,O
11,the,O
11,wind,O
11,speed,O
11,had,O
11,reached,O
11,50,O
11,knots,O
11,(,O
11,93,O
11,km/h,O
11,;,O
11,58,O
11,mph,O
11,),O
11,from,O
11,the,O
11,west,O
11,.,O
12,Although,O
12,there,O
12,was,O
12,no,O
12,loss,O
12,of,O
12,life,O
12,",",O
12,the,O
12,resultant,O
12,flooding,O
12,covered,O
12,"12,500",O
12,acres,O
12,(,O
12,"5,100",O
12,ha,O
12,),O
12,of,O
12,land,O
12,",",O
12,affecting,O
12,1072,O
12,houses,O
12,and,O
12,commercial,O
12,properties,O
12,",",O
12,with,O
12,"£150,000",O
12,worth,O
12,of,O
12,livestock,O
12,killed,O
12,and,O
12,"£50,000",O
12,of,O
12,feed,O
12,and,O
12,grain,O
12,destroyed,O
12,.,O
13,Wessex,O
13,Water,O
13,Authority,O
13,estimated,O
13,the,O
13,total,O
13,cost,O
13,of,O
13,the,O
13,damage,O
13,caused,O
13,at,O
13,£6m,O
13,",",O
13,resulting,O
13,in,O
13,a,O
13,three-year,O
13,programme,O
13,of,O
13,sea,O
13,defence,O
13,assessment,O
13,",",O
13,repair,O
13,and,O
13,improvement,O
13,.,O
14,In,O
14,France,O
14,",",O
14,the,O
14,storm,O
14,caused,O
14,widespread,O
14,flooding,O
14,in,O
14,the,O
14,south,O
14,west,O
14,",",O
14,causing,O
14,considerable,O
14,damage,O
14,in,O
14,the,O
14,river,O
14,basins,O
14,of,O
14,the,O
14,Garonne,O
14,and,O
14,Adour,O
14,and,O
14,flooding,O
14,the,O
14,city,O
14,of,O
14,Bordeaux,O
14,.,O
15,The,O
15,MV,O
15,Bonita,O
15,",",O
15,an,O
15,8000,O
15,tonne,O
15,Ecuadorian,O
15,cargo,O
15,ship,O
15,sailing,O
15,from,O
15,Hamburg,O
15,to,O
15,Panama,O
15,was,O
15,caught,O
15,in,O
15,the,O
15,storm,O
15,in,O
15,the,O
15,English,O
15,Channel,O
15,.,O
16,29,O
16,were,O
16,rescued,O
16,from,O
16,the,O
16,ship,O
16,",",O
16,4,O
16,by,O
16,helicopter,O
16,until,O
16,the,O
16,storm,O
16,was,O
16,too,O
16,strong,O
16,for,O
16,the,O
16,helicopter,O
16,to,O
16,operate,O
16,.,O
17,The,O
17,remaining,O
17,crew,O
17,were,O
17,rescued,O
17,by,O
17,the,O
17,Guernsey,O
17,lifeboat,O
17,",",O
17,however,O
17,there,O
17,were,O
17,2,O
17,fatalities,O
17,.,O
18,Water,O
18,entered,O
18,the,O
18,cooling,O
18,water,O
18,pump,O
18,house,O
18,of,O
18,Hinkley,O
18,Point,O
18,nuclear,O
18,power,O
18,station,O
18,",",O
18,causing,O
18,a,O
18,shut-down,O
18,for,O
18,weeks,O
18,after,O
18,the,O
18,storm,O
18,.,O
19,The,b
19,Bituminous,i
19,coal,i
19,strike,i
19,of,i
19,1977-1978,i
19,was,O
19,a,O
19,110-day,O
19,national,O
19,coal,O
19,strike,O
19,in,O
19,the,O
19,United,O
19,States,O
19,led,O
19,by,O
19,the,O
19,United,O
19,Mine,O
19,Workers,O
19,of,O
19,America,O
19,.,O
20,It,O
20,began,O
20,December,O
20,6,O
20,",",O
20,1977,O
20,",",O
20,and,O
20,ended,O
20,on,O
20,March,O
20,19,O
20,",",O
20,1978,O
20,.,O
21,It,O
21,is,O
21,generally,O
21,considered,O
21,a,O
21,successful,O
21,union,O
21,strike,O
21,",",O
21,although,O
21,the,O
21,contract,O
21,was,O
21,not,O
21,beneficial,O
21,to,O
21,union,O
21,members,O
21,.,O
22,Since,O
22,the,O
22,1940s,O
22,",",O
22,the,O
22,United,O
22,Mine,O
22,Workers,O
22,of,O
22,America,O
22,(,O
22,UMWA,O
22,),O
22,had,O
22,negotiated,O
22,a,O
22,nationwide,O
22,National,b
22,Coal,i
22,Wage,i
22,Agreement,i
22,with,O
22,the,O
22,Bituminous,O
22,Coal,O
22,Operators,O
22,Association,O
22,(,O
22,BCOA,O
22,),O
22,",",O
22,a,O
22,group,O
22,of,O
22,large,O
22,coal,O
22,mine,O
22,operators,O
22,.,O
23,The,O
23,three-year,O
23,agreements,O
23,covered,O
23,national,O
23,bargaining,O
23,issues,O
23,such,O
23,as,O
23,wages,O
23,",",O
23,health,O
23,and,O
23,pension,O
23,benefits,O
23,",",O
23,workplace,O
23,health,O
23,and,O
23,safety,O
23,",",O
23,and,O
23,work,O
23,rules,O
23,.,O
24,Local,O
24,agreements,O
24,",",O
24,far,O
24,more,O
24,limited,O
24,in,O
24,scope,O
24,",",O
24,were,O
24,negotiated,O
24,by,O
24,each,O
24,individual,O
24,local,O
24,affiliate,O
24,of,O
24,UMWA,O
24,.,O
25,The,b
25,2011,i
25,Philadelphia,i
25,",",i
25,Mississippi,i
25,Tornado,i
25,was,O
25,an,O
25,extremely,O
25,powerful,O
25,and,O
25,fast-moving,O
25,multi-vortex,O
25,tornado,O
25,that,O
25,touched,O
25,down,O
25,in,O
25,eastern,O
25,Mississippi,O
25,on,O
25,the,O
25,afternoon,O
25,of,O
25,April,O
25,27,O
25,",",O
25,2011,O
25,.,O
26,Part,O
26,of,O
26,the,b
26,historic,i
26,2011,i
26,Super,i
26,Outbreak,i
26,",",O
26,the,O
26,largest,O
26,tornado,O
26,outbreak,O
26,on,O
26,record,O
26,",",O
26,this,O
26,was,O
26,the,O
26,first,O
26,of,O
26,four,O
26,EF5,O
26,tornadoes,O
26,to,O
26,touch,O
26,down,O
26,that,O
26,day,O
26,and,O
26,the,O
26,first,O
26,such,O
26,storm,O
26,in,O
26,Mississippi,O
26,since,O
26,the,b
26,1966,i
26,Candlestick,i
26,Park,i
26,tornado,i
26,.,O
27,While,O
27,on,O
27,the,O
27,ground,O
27,for,O
27,30,O
27,minutes,O
27,",",O
27,it,O
27,traveled,O
27,along,O
27,a,O
27,28.28-mile,O
27,(,O
27,45.51,O
27,km,O
27,),O
27,path,O
27,through,O
27,four,O
27,counties,O
27,",",O
27,leaving,O
27,behind,O
27,three,O
27,deaths,O
27,",",O
27,eight,O
27,injuries,O
27,",",O
27,and,O
27,$,O
27,1.1,O
27,million,O
27,in,O
27,damage,O
27,.,O
28,The,O
28,supercell,O
28,thunderstorm,O
28,that,O
28,produced,O
28,this,O
28,tornado,O
28,formed,O
28,around,O
28,1:00,O
28,p.m.,O
28,CDT,O
28,south,O
28,of,O
28,Jackson,O
28,",",O
28,Mississippi,O
28,.,O
29,Traveling,O
29,briskly,O
29,to,O
29,the,O
29,northeast,O
29,",",O
29,it,O
29,became,O
29,severe,O
29,within,O
29,25,O
29,minutes,O
29,and,O
29,potentially,O
29,tornadic,O
29,by,O
29,1:36,O
29,p.m.,O
29,CDT,O
29,.,O
30,A,O
30,tornado,O
30,finally,O
30,touched,O
30,down,O
30,at,O
30,2:30,O
30,p.m.,O
30,CDT,O
30,just,O
30,east,O
30,of,O
30,the,O
30,Philadelphia,O
30,Municipal,O
30,Airport,O
30,.,O
31,It,O
31,quickly,O
31,intensified,O
31,and,O
31,began,O
31,producing,O
31,EF5,O
31,damage,O
31,by,O
31,2:38,O
31,p.m.,O
31,CDT,O
31,;,O
31,extreme,O
31,ground,O
31,scouring,O
31,",",O
31,up,O
31,to,O
31,0.5,O
31,metres,O
31,(,O
31,1.6,O
31,ft,O
31,),O
31,deep,O
31,in,O
31,places,O
31,",",O
31,occurred,O
31,in,O
31,northeastern,O
31,Neshoba,O
31,County,O
31,.,O
32,After,O
32,crossing,O
32,into,O
32,Kemper,O
32,County,O
32,",",O
32,the,O
32,tornado,O
32,obliterated,O
32,a,O
32,mobile,O
32,home,O
32,",",O
32,killing,O
32,all,O
32,three,O
32,inside,O
32,.,O
33,It,O
33,reached,O
33,EF5,O
33,strength,O
33,a,O
33,second,O
33,time,O
33,near,O
33,the,O
33,Kemper-Winston,O
33,county,O
33,line,O
33,where,O
33,extreme,O
33,ground,O
33,scouring,O
33,again,O
33,took,O
33,place,O
33,and,O
33,pavement,O
33,was,O
33,scoured,O
33,from,O
33,roads,O
33,.,O
34,Extensive,O
34,tree,O
34,damage,O
34,took,O
34,place,O
34,elsewhere,O
34,along,O
34,the,O
34,track,O
34,and,O
34,it,O
34,ultimately,O
34,dissipated,O
34,at,O
34,3:00,O
34,p.m.,O
34,CDT,O
34,about,O
34,6,O
34,miles,O
34,(,O
34,9.7,O
34,km,O
34,),O
34,north,O
34,of,O
34,Mashulaville,O
34,.,O
35,The,b
35,1984,i
35,Cherry,i
35,Bowl,i
35,was,O
35,a,O
35,post-season,O
35,American,O
35,college,O
35,football,O
35,bowl,O
35,game,O
35,at,O
35,the,O
35,Silverdome,O
35,in,O
35,Pontiac,O
35,",",O
35,Michigan,O
35,between,O
35,the,O
35,Army,O
35,Cadets,O
35,and,O
35,the,O
35,Michigan,O
35,State,O
35,Spartans,O
35,on,O
35,December,O
35,22,O
35,",",O
35,1984,O
35,.,O
36,The,O
36,game,O
36,was,O
36,the,O
36,final,O
36,contest,O
36,of,O
36,the,b
36,1984,i
36,NCAA,i
36,Division,i
36,I-A,i
36,football,i
36,season,i
36,for,O
36,both,O
36,teams,O
36,",",O
36,and,O
36,ended,O
36,in,O
36,a,O
36,6-Oct,O
36,victory,O
36,for,O
36,Army,O
36,.,O
37,The,b
37,Alpinale,i
37,Short,i
37,Film,i
37,Festival,i
37,(,O
37,German,O
37,:,O
37,Alpinale,O
37,Kurzfilmfestival,O
37,),O
37,is,O
37,a,O
37,film,O
37,festival,O
37,in,O
37,Bludenz,O
37,",",O
37,Vorarlberg,O
37,(,O
37,Austria,O
37,),O
37,.,O
38,The,O
38,short,O
38,film,O
38,festival,O
38,draws,O
38,around,O
38,"1,000",O
38,visitors,O
38,to,O
38,Bludenz,O
38,.,O
39,Every,O
39,year,O
39,",",O
39,about,O
39,30,O
39,hand-picked,O
39,international,O
39,short,O
39,films,O
39,are,O
39,screened,O
39,.,O
40,The,O
40,best,O
40,films,O
40,are,O
40,awarded,O
40,the,O
40,Golden,O
40,Unicorn,O
40,.,O
41,From,O
41,1985,O
41,to,O
41,2002,O
41,",",O
41,the,O
41,festival,O
41,took,O
41,place,O
41,in,O
41,Bludenz,O
41,",",O
41,and,O
41,from,O
41,2003,O
41,to,O
41,2019,O
41,in,O
41,Nenzing,O
41,.,O
42,In,O
42,2020,O
42,",",O
42,the,O
42,festival,O
42,will,O
42,be,O
42,held,O
42,in,O
42,Bludenz,O
42,again,O
42,.,O
43,The,b
43,35th,i
43,Alpinale,i
43,took,O
43,place,O
43,between,O
43,11,O
43,and,O
43,15,O
43,August,O
43,2020,O
43,under,O
43,strict,O
43,regulations,O
43,to,O
43,prevent,O
43,infections,O
43,with,O
43,Covid-19,O
43,.,O
44,The,O
44,film,O
44,language,O
44,of,O
44,all,O
44,short,O
44,films,O
44,at,O
44,the,O
44,Alpinale,O
44,is,O
44,played,O
44,in,O
44,the,O
44,original,O
44,sound,O
44,.,O
45,For,O
45,foreign,O
45,language,O
45,films,O
45,",",O
45,subtitles,O
45,are,O
45,displayed,O
45,",",O
45,while,O
45,some,O
45,English,O
45,films,O
45,are,O
45,only,O
45,provided,O
45,without,O
45,subtitles,O
45,.,O
46,The,O
46,upcoming,O
46,36th,O
46,Alpinale,O
46,will,O
46,take,O
46,place,O
46,between,O
46,8,O
46,and,O
46,12,O
46,August,O
46,2023,O
46,.,O
47,The,b
47,Russian,i
47,financial,i
47,crisis,O
47,(,O
47,also,O
47,called,O
47,the,b
47,ruble,i
47,crisis,i
47,or,O
47,the,b
47,Russian,i
47,flu,i
47,),O
47,began,O
47,in,O
47,Russia,O
47,on,O
47,17,O
47,August,O
47,1998,O
47,.,O
48,It,O
48,resulted,O
48,in,O
48,the,O
48,Russian,O
48,government,O
48,and,O
48,the,O
48,Russian,O
48,Central,O
48,Bank,O
48,devaluing,O
48,the,O
48,ruble,O
48,and,O
48,defaulting,O
48,on,O
48,its,O
48,debt,O
48,.,O
49,The,O
49,crisis,O
49,had,O
49,severe,O
49,impacts,O
49,on,O
49,the,O
49,economies,O
49,of,O
49,many,O
49,neighboring,O
49,countries,O
49,.,O
50,The,b
50,Little,i
50,Nine,i
50,Partners,i
50,Patent,i
50,was,O
50,a,O
50,land,O
50,patent,O
50,granted,O
50,in,O
50,1706,O
50,in,O
50,Dutchess,O
50,County,O
50,",",O
50,New,O
50,York,O
50,",",O
50,United,O
50,States,O
50,.,O
51,It,O
51,was,O
51,the,O
51,last,O
51,of,O
51,fourteen,O
51,patents,O
51,granted,O
51,between,O
51,1685,O
51,and,O
51,1706,O
51,which,O
51,came,O
51,to,O
51,cover,O
51,the,O
51,entirety,O
51,of,O
51,historic,O
51,Dutchess,O
51,County,O
51,(,O
51,which,O
51,until,O
51,1812,O
51,included,O
51,today,O
51,'s,O
51,Putnam,O
51,County,O
51,),O
51,.,O
52,The,O
52,first,O
52,ten,O
52,",",O
52,granted,O
52,between,O
52,1685,O
52,and,O
52,1697,O
52,",",O
52,covered,O
52,almost,O
52,all,O
52,of,O
52,Hudson,O
52,River,O
52,shoreline,O
52,in,O
52,the,O
52,original,O
52,county,O
52,",",O
52,with,O
52,three,O
52,-,O
52,Rombouts,O
52,",",O
52,the,O
52,Great,O
52,Nine,O
52,Partners,O
52,",",O
52,and,O
52,Philipse,O
52,Patents,O
52,",",O
52,extending,O
52,significantly,O
52,inland,O
52,.,O
53,The,O
53,eleventh,O
53,",",O
53,and,O
53,smallest,O
53,",",O
53,Cuyler,O
53,",",O
53,1697,O
53,",",O
53,was,O
53,the,O
53,first,O
53,to,O
53,contain,O
53,solely,O
53,inland,O
53,territory,O
53,",",O
53,just,O
53,in,O
53,from,O
53,the,O
53,Hudson,O
53,.,O
54,The,O
54,twelfth,O
54,",",O
54,and,O
54,next,O
54,smallest,O
54,",",O
54,Fauconnier,O
54,",",O
54,in,O
54,1703,O
54,",",O
54,completed,O
54,the,O
54,Hudson,O
54,River,O
54,shoreline,O
54,.,O
55,The,O
55,last,O
55,two,O
55,",",O
55,Beekman,O
55,",",O
55,1705,O
55,",",O
55,and,O
55,the,O
55,Little,O
55,Nine,O
55,Partners,O
55,",",O
55,1706,O
55,",",O
55,laid,O
55,claim,O
55,to,O
55,the,O
55,remaining,O
55,interior,O
55,lands,O
55,.,O
56,The,b
56,2007,i
56,Korean,i
56,FA,i
56,Cup,i
56,",",O
56,known,O
56,as,O
56,the,b
56,2007,i
56,Hana,i
56,Bank,i
56,FA,i
56,Cup,i
56,",",O
56,was,O
56,the,O
56,twelfth,O
56,edition,O
56,of,O
56,the,b
56,Korean,i
56,FA,i
56,Cup,i
56,.,O
57,The,b
57,19th,i
57,annual,i
57,Venice,i
57,International,i
57,Film,i
57,Festival,i
57,was,O
57,held,O
57,from,O
57,24,O
57,August,O
57,to,O
57,7,O
57,September,O
57,1958,O
57,.,O
58,No,O
58,OCIC,O
58,Award,O
58,was,O
58,given,O
58,this,O
58,year,O
58,due,O
58,to,O
58,the,O
58,``,O
58,unusual,O
58,immorality,O
58,'',O
58,of,O
58,the,O
58,films,O
58,.,O
59,Kerem,b
59,Shalom,i
59,border,i
59,crossing,i
59,is,O
59,a,O
59,border,O
59,crossing,O
59,at,O
59,the,O
59,junction,O
59,of,O
59,two,O
59,border,O
59,sections,O
59,:,O
59,one,O
59,between,O
59,the,O
59,Gaza,O
59,Strip,O
59,and,O
59,Israel,O
59,",",O
59,and,O
59,one,O
59,between,O
59,the,O
59,Gaza,O
59,Strip,O
59,and,O
59,Egypt,O
59,.,O
60,It,O
60,is,O
60,used,O
60,by,O
60,trucks,O
60,carrying,O
60,goods,O
60,from,O
60,Israel,O
60,or,O
60,Egypt,O
60,to,O
60,the,O
60,Gaza,O
60,Strip,O
60,.,O
61,The,b
61,Battle,i
61,of,i
61,Pingxingguan,i
61,",",O
61,commonly,O
61,called,O
61,the,b
61,Great,i
61,Victory,i
61,of,i
61,Pingxingguan,i
61,in,O
61,Mainland,O
61,China,O
61,",",O
61,was,O
61,an,O
61,engagement,O
61,fought,O
61,on,O
61,25,O
61,September,O
61,1937,O
61,",",O
61,at,O
61,the,O
61,beginning,O
61,of,O
61,the,b
61,Second,i
61,Sino-Japanese,i
61,War,i
61,",",O
61,between,O
61,the,O
61,Eighth,O
61,Route,O
61,Army,O
61,of,O
61,the,O
61,Chinese,O
61,Communist,O
61,Party,O
61,and,O
61,the,O
61,Imperial,O
61,Japanese,O
61,Army,O
61,.,O
62,The,O
62,battle,O
62,resulted,O
62,in,O
62,the,O
62,loss,O
62,of,O
62,400,O
62,to,O
62,600,O
62,soldiers,O
62,on,O
62,both,O
62,sides,O
62,",",O
62,but,O
62,the,O
62,Chinese,O
62,captured,O
62,100,O
62,trucks,O
62,full,O
62,of,O
62,supplies,O
62,.,O
63,The,O
63,victory,O
63,gave,O
63,the,O
63,Chinese,O
63,Communists,O
63,a,O
63,tremendous,O
63,boost,O
63,since,O
63,it,O
63,was,O
63,the,O
63,only,O
63,division-size,O
63,battle,O
63,that,O
63,they,O
63,fought,O
63,during,O
63,the,O
63,entire,O
63,war,O
63,.,O
64,The,b
64,Massachusetts,i
64,Tests,i
64,for,i
64,Educator,i
64,Licensure,i
64,(,O
64,MTEL,O
64,),O
64,program,O
64,was,O
64,initiated,O
64,by,O
64,the,O
64,Massachusetts,O
64,Department,O
64,of,O
64,Education,O
64,in,O
64,1998,O
64,.,O
65,It,O
65,is,O
65,part,O
65,of,O
65,a,O
65,statewide,O
65,education,O
65,reform,O
65,initiative,O
65,for,O
65,educators,O
65,seeking,O
65,pre-kindergarten,O
65,to,O
65,Grade,O
65,12,O
65,licenses,O
65,.,O
66,The,b
66,MTEL,i
66,program,i
66,includes,O
66,a,O
66,test,O
66,of,O
66,communication,O
66,and,O
66,literacy,O
66,skills,O
66,as,O
66,well,O
66,as,O
66,tests,O
66,of,O
66,subject,O
66,matter,O
66,knowledge,O
66,.,O
67,The,O
67,tests,O
67,are,O
67,designed,O
67,to,O
67,ensure,O
67,that,O
67,Massachusetts,O
67,educators,O
67,can,O
67,communicate,O
67,adequately,O
67,with,O
67,students,O
67,",",O
67,parents/guardians,O
67,",",O
67,and,O
67,other,O
67,educators,O
67,and,O
67,that,O
67,they,O
67,are,O
67,knowledgeable,O
67,in,O
67,the,O
67,subject,O
67,matter,O
67,of,O
67,the,O
67,license,O
67,sought,O
67,.,O
68,The,b
68,MTEL,i
68,program,i
68,was,O
68,expanded,O
68,in,O
68,November,O
68,2004,O
68,to,O
68,include,O
68,tests,O
68,for,O
68,candidates,O
68,seeking,O
68,vocational,O
68,technical,O
68,and,O
68,adult,O
68,basic,O
68,education,O
68,licenses,O
68,.,O
69,The,b
69,MTEL,i
69,is,O
69,developed,O
69,",",O
69,administered,O
69,",",O
69,and,O
69,scored,O
69,by,O
69,National,O
69,Evaluation,O
69,Systems,O
69,",",O
69,Inc.,O
69,(,O
69,NES,O
69,),O
69,",",O
69,which,O
69,is,O
69,now,O
69,known,O
69,as,O
69,the,b
69,Evaluation,i
69,Systems,i
69,group,i
69,of,i
69,Pearson,i
69,Education,i
69,.,O
70,Tests,O
70,are,O
70,scored,O
70,on,O
70,a,O
70,criterion-based,O
70,system,O
70,",",O
70,where,O
70,examinees,O
70,must,O
70,attain,O
70,a,O
70,certain,O
70,score,O
70,based,O
70,on,O
70,standards,O
70,established,O
70,by,O
70,the,O
70,state,O
70,.,O
71,Constructed,O
71,(,O
71,written,O
71,&,O
71,oral,O
71,),O
71,components,O
71,of,O
71,the,O
71,tests,O
71,are,O
71,scored,O
71,using,O
71,a,O
71,focused,O
71,holistic,O
71,scoring,O
71,model,O
71,(,O
71,similar,O
71,to,O
71,holistic,O
71,grading,O
71,),O
71,.,O
72,Like,O
72,regular,O
72,holistic,O
72,scoring,O
72,",",O
72,responses,O
72,are,O
72,viewed,O
72,for,O
72,their,O
72,overall,O
72,quality,O
72,",",O
72,not,O
72,just,O
72,for,O
72,individual,O
72,mistakes,O
72,.,O
73,However,O
73,this,O
73,is,O
73,done,O
73,according,O
73,to,O
73,specific,O
73,criteria,O
73,that,O
73,the,O
73,state,O
73,has,O
73,established,O
73,(,O
73,ie,O
73,",",O
73,grammar,O
73,",",O
73,support,O
73,",",O
73,etc,O
73,.,O
73,),O
73,.,O
74,These,O
74,criteria,O
74,vary,O
74,by,O
74,test,O
74,and,O
74,assignment,O
74,.,O
75,It,O
75,is,O
75,accepted,O
75,in,O
75,a,O
75,few,O
75,other,O
75,states,O
75,as,O
75,a,O
75,credential,O
75,for,O
75,teaching,O
75,.,O
76,The,b
76,MTEL,i
76,is,O
76,a,O
76,unique,O
76,set,O
76,of,O
76,tests,O
76,",",O
76,whereas,O
76,all,O
76,other,O
76,states,O
76,in,O
76,New,O
76,England,O
76,use,O
76,the,O
76,Praxis,O
76,test,O
76,",",O
76,which,O
76,have,O
76,been,O
76,adopted,O
76,by,O
76,40,O
76,other,O
76,states,O
76,.,O
77,There,O
77,is,O
77,no,O
77,national,b
77,plastic,i
77,bag,i
77,fee,i
77,or,i
77,ban,i
77,currently,O
77,in,O
77,effect,O
77,in,O
77,the,O
77,United,O
77,States,O
77,.,O
78,However,O
78,",",O
78,the,O
78,states,O
78,of,O
78,California,O
78,",",O
78,Colorado,O
78,",",O
78,Connecticut,O
78,",",O
78,Delaware,O
78,",",O
78,Hawaii,O
78,(,O
78,de,O
78,facto,O
78,),O
78,",",O
78,Maine,O
78,",",O
78,New,O
78,Jersey,O
78,",",O
78,New,O
78,York,O
78,",",O
78,Oregon,O
78,",",O
78,Rhode,O
78,Island,O
78,",",O
78,Vermont,O
78,and,O
78,Washington,O
78,and,O
78,the,O
78,territories,O
78,of,O
78,American,O
78,Samoa,O
78,",",O
78,Guam,O
78,",",O
78,Northern,O
78,Mariana,O
78,Islands,O
78,",",O
78,United,O
78,States,O
78,Virgin,O
78,Islands,O
78,and,O
78,Puerto,O
78,Rico,O
78,have,O
78,banned,O
78,disposable,O
78,bags,O
78,.,O
79,Over,O
79,200,O
79,counties,O
79,and,O
79,municipalities,O
79,have,O
79,enacted,O
79,ordinances,O
79,either,O
79,imposing,O
79,a,O
79,fee,O
79,on,O
79,plastic,O
79,bags,O
79,or,O
79,banning,O
79,them,O
79,outright,O
79,",",O
79,including,O
79,all,O
79,counties,O
79,in,O
79,Hawaii,O
79,.,O
80,Some,O
80,attempts,O
80,at,O
80,banning,O
80,plastic,O
80,shopping,O
80,bags,O
80,statewide,O
80,(,O
80,for,O
80,example,O
80,in,O
80,Massachusetts,O
80,",",O
80,though,O
80,as,O
80,of,O
80,May,O
80,2023,O
80,",",O
80,162,O
80,of,O
80,the,O
80,301,O
80,cities,O
80,and,O
80,towns,O
80,in,O
80,the,O
80,state,O
80,have,O
80,done,O
80,so,O
80,),O
80,have,O
80,not,O
80,succeeded,O
80,mainly,O
80,due,O
80,to,O
80,plastic,O
80,industry,O
80,lobbying,O
80,.,O
81,A,O
81,few,O
81,jurisdictions,O
81,have,O
81,chosen,O
81,to,O
81,implement,O
81,a,O
81,fee-only,O
81,approach,O
81,to,O
81,bag,O
81,reduction,O
81,such,O
81,as,O
81,Washington,O
81,",",O
81,D.C.,O
81,",",O
81,Montgomery,O
81,County,O
81,",",O
81,Maryland,O
81,",",O
81,and,O
81,certain,O
81,counties,O
81,and,O
81,independent,O
81,cities,O
81,in,O
81,Virginia,O
81,.,O
82,Some,O
82,states,O
82,",",O
82,such,O
82,as,O
82,Florida,O
82,",",O
82,Arizona,O
82,",",O
82,and,O
82,Missouri,O
82,",",O
82,have,O
82,passed,O
82,laws,O
82,preventing,O
82,local,O
82,municipalities,O
82,from,O
82,passing,O
82,their,O
82,own,O
82,bans,O
82,.,O
83,Some,O
83,retailers,O
83,have,O
83,stopped,O
83,using,O
83,plastic,O
83,bags,O
83,ahead,O
83,of,O
83,government,O
83,mandates,O
83,.,O
84,The,b
84,2018,i
84,Varsity,i
84,Cup,i
84,was,O
84,contested,O
84,from,O
84,29,O
84,January,O
84,to,O
84,16,O
84,April,O
84,2018,O
84,.,O
85,The,O
85,tournament,O
85,(,O
85,known,O
85,as,O
85,the,b
85,FNB,i
85,Varsity,i
85,Cup,i
85,for,O
85,sponsorship,O
85,reasons,O
85,),O
85,was,O
85,the,O
85,eleventh,O
85,season,O
85,of,O
85,the,b
85,Varsity,i
85,Cup,i
85,",",O
85,an,O
85,annual,O
85,inter-university,O
85,rugby,O
85,union,O
85,competition,O
85,featuring,O
85,South,O
85,African,O
85,universities,O
85,.,O
86,The,b
86,National,i
86,Temperance,i
86,Council,i
86,was,O
86,established,O
86,in,O
86,1913,O
86,to,O
86,coordinate,O
86,the,O
86,activities,O
86,of,O
86,numerous,O
86,organizations,O
86,in,O
86,the,O
86,temperance,O
86,movement,O
86,.,O
87,Its,O
87,purpose,O
87,included,O
87,the,O
87,promotion,O
87,of,O
87,alcohol,O
87,education,O
87,.,O
88,Its,O
88,goal,O
88,was,O
88,the,b
88,ratification,i
88,of,i
88,an,i
88,amendment,i
88,to,i
88,the,i
88,United,i
88,States,i
88,Constitution,i
88,outlawing,O
88,the,O
88,manufacture,O
88,",",O
88,distribution,O
88,and,O
88,sale,O
88,of,O
88,alcoholic,O
88,beverages,O
88,throughout,O
88,the,O
88,country,O
88,.,O
89,The,b
89,National,i
89,Temperance,i
89,Council,i
89,stated,O
89,that,O
89,it,O
89,represented,O
89,14-15,O
89,million,O
89,American,O
89,citizens,O
89,and,O
89,had,O
89,a,O
89,membership,O
89,of,O
89,``,O
89,22,O
89,organizations,O
89,",",O
89,church,O
89,boards,O
89,",",O
89,and,O
89,commissions,O
89,'',O
89,",",O
89,with,O
89,representatives,O
89,from,O
89,major,O
89,Christian,O
89,denominations,O
89,.,O
90,Notable,O
90,temperance,O
90,organisations,O
90,in,O
90,the,O
90,United,O
90,States,O
90,that,O
90,held,O
90,membership,O
90,in,O
90,the,b
90,National,i
90,Temperance,i
90,and,i
90,Prohibition,i
90,Council,i
90,included,O
90,the,b
90,Woman,i
90,'s,i
90,Christian,i
90,Temperance,i
90,Union,i
90,",",O
90,Preferred,O
90,Risk,O
90,Mutual,O
90,Insurance,O
90,Company,O
90,",",O
90,International,b
90,Organisation,i
90,of,i
90,Good,i
90,Templars,i
90,",",O
90,American,O
90,Temperance,O
90,Society,O
90,",",O
90,and,O
90,Prohibition,O
90,Party,O
90,.,O
91,The,b
91,1929,i
91,German,i
91,Grand,i
91,Prix,i
91,was,O
91,a,O
91,Grand,O
91,Prix,O
91,motor,O
91,race,O
91,held,O
91,at,O
91,the,O
91,Nürburgring,O
91,on,O
91,14,O
91,July,O
91,1929,O
91,.,O
92,The,b
92,Vandalia,i
92,Baptist,i
92,Association,i
92,",",O
92,a,O
92,precursor,O
92,to,O
92,the,b
92,Centralia,i
92,Baptist,i
92,Association,i
92,and,O
92,Kaskaskia,b
92,Baptist,i
92,Association,i
92,",",O
92,was,O
92,organized,O
92,in,O
92,1840,O
92,and,O
92,centered,O
92,in,O
92,the,O
92,Vandalia,O
92,",",O
92,Illinois,O
92,",",O
92,area,O
92,.,O
93,It,O
93,originated,O
93,from,O
93,the,b
93,Saline,i
93,Fraternity,i
93,",",O
93,which,O
93,was,O
93,organized,O
93,in,O
93,1834,O
93,",",O
93,which,O
93,in,O
93,turn,O
93,was,O
93,an,O
93,offspring,O
93,of,O
93,the,O
93,Old,O
93,South,O
93,District,O
93,of,O
93,the,O
93,Friends,O
93,of,O
93,Humanity,O
93,.,O
94,The,b
94,2019,i
94,Sunshine,i
94,Ladies,i
94,Tour,i
94,was,O
94,the,O
94,6th,O
94,season,O
94,of,O
94,the,b
94,Sunshine,i
94,Ladies,i
94,Tour,i
94,",",O
94,a,O
94,series,O
94,of,O
94,professional,O
94,golf,O
94,tournaments,O
94,for,O
94,women,O
94,based,O
94,in,O
94,South,O
94,Africa,O
94,.,O
95,The,b
95,6th,i
95,PGA,i
95,Golden,i
95,Laurel,i
95,Awards,i
95,",",O
95,honoring,O
95,the,O
95,best,O
95,film,O
95,and,O
95,television,O
95,producers,O
95,of,O
95,1994,O
95,",",O
95,were,O
95,held,O
95,at,O
95,the,O
95,Regent,O
95,Beverly,O
95,Wilshire,O
95,Hotel,O
95,in,O
95,Los,O
95,Angeles,O
95,",",O
95,California,O
95,on,O
95,March,O
95,8,O
95,",",O
95,1995,O
95,.,O
96,The,O
96,nominees,O
96,were,O
96,announced,O
96,on,O
96,January,O
96,26,O
96,",",O
96,1995,O
96,.,O
97,An,O
97,agreement,b
97,signed,i
97,between,i
97,the,i
97,Allied,i
97,Powers,i
97,of,i
97,the,i
97,First,i
97,World,i
97,War,i
97,on,O
97,September,O
97,10,O
97,",",O
97,1919,O
97,.,O
98,The,O
98,agreement,O
98,was,O
98,registered,O
98,in,O
98,the,b
98,League,i
98,of,i
98,Nations,i
98,Treaty,i
98,Series,O
98,on,O
98,21,O
98,October,O
98,1920,O
98,.,O
99,The,O
99,agreement,O
99,was,O
99,concerned,O
99,with,O
99,states,O
99,which,O
99,either,O
99,were,O
99,established,O
99,or,O
99,gained,O
99,new,O
99,territories,O
99,following,O
99,the,O
99,dissolution,O
99,of,O
99,the,O
99,Austro-Hungarian,O
99,Empire,O
99,-,O
99,Romania,O
99,",",O
99,Poland,O
99,",",O
99,Yugoslavia,O
99,and,O
99,Czechoslovakia,O
99,.,O
100,Article,O
100,1,O
100,of,O
100,the,O
100,agreement,O
100,stipulated,O
100,for,O
100,the,O
100,payment,O
100,by,O
100,the,O
100,above,O
100,governments,O
100,of,O
100,1.5,O
100,billion,O
100,Gold,O
100,Francs,O
100,as,O
100,the,O
100,cost,O
100,for,O
100,gaining,O
100,these,O
100,new,O
100,territories,O
100,.,O
101,Article,O
101,2,O
101,laid,O
101,the,O
101,rules,O
101,for,O
101,distribution,O
101,of,O
101,the,O
101,payments,O
101,between,O
101,the,O
101,said,O
101,above,O
101,governments,O
101,.,O
102,Articles,O
102,5-Mar,O
102,stipulated,O
102,the,O
102,sums,O
102,will,O
102,be,O
102,deducted,O
102,from,O
102,the,O
102,war,O
102,reparations,O
102,these,O
102,governments,O
102,were,O
102,to,O
102,receive,O
102,from,O
102,the,O
102,Austrian,O
102,government,O
102,.,O
103,The,b
103,2013,i
103,Special,i
103,Olympics,i
103,World,i
103,Winter,i
103,Games,i
103,was,O
103,a,O
103,Special,O
103,Olympics,O
103,",",O
103,a,O
103,multi-sports,O
103,event,O
103,that,O
103,was,O
103,held,O
103,in,O
103,Pyeongchang,O
103,",",O
103,South,O
103,Korea,O
103,from,O
103,January,O
103,29,O
103,through,O
103,February,O
103,5,O
103,",",O
103,2013,O
103,.,O
104,Though,O
104,officially,O
104,allocated,O
104,to,O
104,Pyeongchang,O
104,",",O
104,events,O
104,were,O
104,also,O
104,held,O
104,in,O
104,Gangneung,O
104,Indoor,O
104,Ice,O
104,Rink,O
104,.,O
105,The,b
105,Marathon,i
105,de,i
105,Mar,i
105,del,i
105,Plata,i
105,is,O
105,an,O
105,annual,O
105,marathon,O
105,foot-race,O
105,that,O
105,takes,O
105,place,O
105,in,O
105,Mar,O
105,del,O
105,Plata,O
105,",",O
105,Argentina,O
105,",",O
105,during,O
105,the,O
105,Southern,O
105,Hemisphere,O
105,'s,O
105,summer,O
105,.,O
106,The,b
106,Asia,i
106,Cooperation,i
106,Dialogue,i
106,(,i
106,ACD,i
106,),i
106,is,O
106,an,O
106,intergovernmental,O
106,organization,O
106,created,O
106,on,O
106,18,O
106,June,O
106,2002,O
106,to,O
106,promote,O
106,Asian,O
106,cooperation,O
106,at,O
106,a,O
106,continental,O
106,level,O
106,and,O
106,to,O
106,ensure,O
106,coordination,O
106,among,O
106,different,O
106,regional,O
106,organizations,O
106,such,O
106,as,O
106,the,b
106,ASEAN,i
106,",",O
106,the,b
106,Gulf,i
106,Cooperation,i
106,Council,i
106,",",O
106,the,b
106,Eurasian,i
106,Economic,i
106,Union,i
106,",",O
106,the,b
106,Shanghai,i
106,Cooperation,i
106,Organisation,i
106,",",O
106,and,O
106,the,b
106,SAARC,i
106,.,O
107,It,O
107,is,O
107,the,O
107,first,O
107,international,O
107,organization,O
107,to,O
107,cover,O
107,the,O
107,whole,O
107,of,O
107,Asia,O
107,.,O
108,Its,O
108,secretariat,O
108,is,O
108,in,O
108,Kuwait,O
108,City,O
108,.,O
109,1982,b
109,Uganda,i
109,Cup,i
109,was,O
109,the,O
109,eighth,O
109,season,O
109,of,O
109,the,O
109,main,O
109,Ugandan,O
109,football,O
109,Cup.On,O
109,9,O
109,August,O
109,2011,O
109,",",O
109,Avis-Amur,b
109,Flight,i
109,9209,i
109,",",O
109,an,O
109,Antonov,O
109,An-12,O
109,cargo,O
109,aircraft,O
109,of,O
109,Avis,O
109,Amur,O
109,crashed,O
109,during,O
109,a,O
109,domestic,O
109,flight,O
109,from,O
109,Magadan,O
109,to,O
109,Keperveyem,O
109,",",O
109,Russia,O
109,",",O
109,killing,O
109,all,O
109,11,O
109,people,O
109,on,O
109,board,O
109,.,O
110,An,O
110,engine,O
110,fire,O
110,was,O
110,reported,O
110,en,O
110,route,O
110,and,O
110,the,O
110,aircraft,O
110,crashed,O
110,while,O
110,attempting,O
110,to,O
110,return,O
110,to,O
110,Magadan,O
110,.,O
111,The,b
111,Weesp,i
111,train,i
111,disaster,i
111,took,O
111,place,O
111,on,O
111,13,O
111,September,O
111,1918,O
111,near,O
111,Weesp,O
111,",",O
111,Netherlands,O
111,.,O
112,With,O
112,41,O
112,deaths,O
112,and,O
112,42,O
112,injuries,O
112,",",O
112,it,O
112,was,O
112,the,O
112,largest,O
112,train,O
112,disaster,O
112,in,O
112,Dutch,O
112,railway,O
112,history,O
112,until,O
112,the,b
112,1962,i
112,Harmelen,i
112,train,i
112,disaster,i
112,.,O
113,The,O
113,102,O
113,train,O
113,from,O
113,Amersfoort,O
113,to,O
113,Amsterdam,O
113,derailed,O
113,near,O
113,the,O
113,railway,O
113,bridge,O
113,over,O
113,the,O
113,Merwedekanaal,O
113,near,O
113,Weesp,O
113,and,O
113,dropped,O
113,off,O
113,the,O
113,bank,O
113,.,O
114,Various,O
114,wooden,O
114,carriages,O
114,were,O
114,splintered,O
114,",",O
114,causing,O
114,many,O
114,casualties,O
114,.,O
115,Hurricane,b
115,Norman,i
115,was,O
115,a,O
115,rare,O
115,tropical,O
115,cyclone,O
115,that,O
115,impacted,O
115,California,O
115,in,O
115,early,O
115,September,O
115,1978,O
115,.,O
116,The,O
116,fourteenth,O
116,named,O
116,storm,O
116,",",O
116,eleventh,O
116,hurricane,O
116,",",O
116,and,O
116,sixth,O
116,major,O
116,hurricane,O
116,of,O
116,the,b
116,1978,i
116,Pacific,i
116,season,i
116,",",O
116,Norman,O
116,originated,O
116,from,O
116,a,O
116,tropical,O
116,wave,O
116,that,O
116,spawned,O
116,an,O
116,area,O
116,of,O
116,disturbed,O
116,weather,O
116,south,O
116,of,O
116,Acapulco,O
116,.,O
117,The,O
117,system,O
117,coalesced,O
117,into,O
117,a,O
117,tropical,O
117,depression,O
117,on,O
117,August,O
117,30,O
117,and,O
117,thrived,O
117,amid,O
117,favorable,O
117,environmental,O
117,conditions,O
117,",",O
117,becoming,O
117,a,O
117,powerful,O
117,Category,O
117,4,O
117,hurricane,O
117,with,O
117,winds,O
117,of,O
117,140,O
117,mph,O
117,(,O
117,230,O
117,km/h,O
117,),O
117,at,O
117,its,O
117,peak,O
117,intensity,O
117,.,O
118,The,O
118,system,O
118,curved,O
118,northward,O
118,",",O
118,passing,O
118,into,O
118,cooler,O
118,waters,O
118,that,O
118,brought,O
118,an,O
118,end,O
118,to,O
118,its,O
118,status,O
118,as,O
118,a,O
118,tropical,O
118,cyclone,O
118,on,O
118,September,O
118,6,O
118,.,O
119,However,O
119,",",O
119,its,O
119,remnants,O
119,combined,O
119,with,O
119,an,O
119,trough,O
119,and,O
119,front,O
119,over,O
119,California,O
119,",",O
119,contributing,O
119,to,O
119,locally,O
119,heavy,O
119,rainfall,O
119,that,O
119,caused,O
119,dozens,O
119,of,O
119,traffic,O
119,accidents,O
119,and,O
119,sporadic,O
119,power,O
119,outages,O
119,.,O
120,In,O
120,higher,O
120,elevations,O
120,",",O
120,the,O
120,system,O
120,produced,O
120,accumulating,O
120,snow,O
120,which,O
120,stranded,O
120,and,O
120,killed,O
120,many,O
120,hikers,O
120,throughout,O
120,Sierra,O
120,Nevada,O
120,.,O
121,Most,O
121,heavily,O
121,affected,O
121,was,O
121,California,O
121,'s,O
121,raisin,O
121,crop,O
121,",",O
121,which,O
121,suffered,O
121,a,O
121,record-breaking,O
121,95,O
121,percent,O
121,loss,O
121,.,O
122,Overall,O
122,",",O
122,Norman,O
122,killed,O
122,eight,O
122,people,O
122,and,O
122,caused,O
122,over,O
122,$,O
122,300,O
122,million,O
122,in,O
122,damage.2024,O
122,Colorado,b
122,Proposition,i
122,131,i
122,is,O
122,a,O
122,proposed,O
122,ballot,O
122,measure,O
122,that,O
122,will,O
122,appear,O
122,before,O
122,voters,O
122,in,O
122,Colorado,O
122,during,O
122,the,b
122,2024,i
122,general,i
122,election,i
122,.,O
123,The,O
123,citizen,O
123,initiated,O
123,proposition,O
123,would,O
123,replace,O
123,Colorado,O
123,'s,O
123,current,O
123,partisan,O
123,primaries,O
123,with,O
123,non-partisan,O
123,blanket,O
123,primaries,O
123,and,O
123,would,O
123,implement,O
123,ranked-choice,O
123,(,O
123,instant-runoff,O
123,),O
123,voting,O
123,for,O
123,most,O
123,statewide,O
123,and,O
123,state,O
123,legislative,O
123,general,O
123,elections,O
123,in,O
123,which,O
123,the,O
123,top,O
123,four,O
123,candidates,O
123,in,O
123,the,O
123,primary,O
123,would,O
123,qualify,O
123,for,O
123,the,O
123,general,O
123,election,O
123,ballot,O
123,.,O
124,The,b
124,Harz,i
124,Mountain,i
124,Run,i
124,(,O
124,German,O
124,:,O
124,Harz-Gebirgslauf,O
124,),O
124,is,O
124,a,O
124,mountain,O
124,run,O
124,",",O
124,that,O
124,has,O
124,taken,O
124,place,O
124,since,O
124,1978,O
124,in,O
124,October,O
124,in,O
124,Wernigerode,O
124,in,O
124,central,O
124,Germany,O
124,.,O
125,Since,O
125,1990,O
125,",",O
125,its,O
125,programme,O
125,of,O
125,events,O
125,has,O
125,included,O
125,a,O
125,marathon,O
125,race,O
125,",",O
125,the,b
125,Brocken,i
125,Marathon,i
125,",",O
125,which,O
125,is,O
125,reckoned,O
125,to,O
125,be,O
125,one,O
125,of,O
125,the,O
125,toughest,O
125,in,O
125,Germany,O
125,.,O
126,Other,O
126,events,O
126,include,O
126,a,O
126,22,O
126,km,O
126,run,O
126,and,O
126,an,O
126,11,O
126,km,O
126,run,O
126,.,O
127,In,O
127,2007,O
127,a,O
127,5,O
127,km,O
127,run,O
127,was,O
127,offered,O
127,for,O
127,the,O
127,first,O
127,time,O
127,that,O
127,started,O
127,at,O
127,the,O
127,same,O
127,time,O
127,as,O
127,the,O
127,11,O
127,km,O
127,run,O
127,.,O
128,The,O
128,event,O
128,attracts,O
128,several,O
128,thousand,O
128,participants,O
128,",",O
128,e.g,O
128,.,O
129,in,O
129,2001,O
129,there,O
129,were,O
129,"3,500",O
129,and,O
129,",",O
129,in,O
129,2004,O
129,",",O
129,"3,110",O
129,runners,O
129,finished,O
129,",",O
129,including,O
129,695,O
129,men,O
129,and,O
129,73,O
129,women,O
129,in,O
129,the,O
129,marathon,O
129,.,O
130,The,O
130,record,O
130,was,O
130,achieved,O
130,in,O
130,1987,O
130,with,O
130,over,O
130,"5,000",O
130,participants,O
130,.,O
131,Fox,b
131,Film,i
131,Corp,i
131,v.,i
131,Doyal,i
131,",",i
131,286,i
131,U.S.,i
131,123,i
131,(,i
131,1932,i
131,),i
131,",",O
131,was,O
131,a,O
131,United,O
131,States,O
131,Supreme,O
131,Court,O
131,case,O
131,in,O
131,which,O
131,the,O
131,Court,O
131,held,O
131,that,O
131,states,O
131,may,O
131,tax,O
131,copyright,O
131,royalties,O
131,",",O
131,as,O
131,they,O
131,can,O
131,patent,O
131,royalties,O
131,",",O
131,because,O
131,even,O
131,though,O
131,copyrights,O
131,&,O
131,patents,O
131,are,O
131,granted,O
131,by,O
131,the,O
131,federal,O
131,government,O
131,",",O
131,they,O
131,are,O
131,still,O
131,private,O
131,property,O
131,subject,O
131,to,O
131,taxation,O
131,.,O
132,On,O
132,the,O
132,night,O
132,of,O
132,17-18,O
132,September,O
132,2024,O
132,",",O
132,during,O
132,the,b
132,Russo-Ukrainian,i
132,War,i
132,",",O
132,Ukraine,O
132,launched,O
132,a,O
132,drone,O
132,attack,O
132,on,O
132,the,O
132,Main,O
132,Missile,O
132,and,O
132,Artillery,O
132,Directorate,O
132,(,O
132,GRAU,O
132,),O
132,107th,O
132,arsenal,O
132,ammunition,O
132,depot,O
132,in,O
132,Toropets,O
132,",",O
132,causing,O
132,a,O
132,massive,O
132,series,O
132,of,O
132,explosions,O
132,and,O
132,fires,O
132,and,O
132,shattering,O
132,of,O
132,windows,O
132,across,O
132,nearby,O
132,towns,O
132,.,O
133,The,O
133,main,O
133,explosion,O
133,caused,O
133,a,O
133,82m-wide,O
133,crater,O
133,and,O
133,a,O
133,seismic,O
133,wave,O
133,of,O
133,magnitude,O
133,2.5~2.8,O
133,on,O
133,18,O
133,September,O
133,",",O
133,3:56,O
133,am,O
133,",",O
133,local,O
133,time,O
133,.,O
134,Such,O
134,supply,O
134,chain,O
134,disruption,O
134,could,O
134,reduce,O
134,Russia,O
134,'s,O
134,firepower,O
134,in,O
134,its,O
134,war,O
134,effort,O
134,in,O
134,Ukraine,O
134,.,O
135,The,b
135,2018,i
135,Antrim,i
135,Senior,i
135,Football,i
135,Championship,i
135,is,O
135,the,O
135,117th,O
135,official,O
135,edition,O
135,of,O
135,Antrim,b
135,GAA,i
135,'s,i
135,premier,i
135,club,i
135,gaelic,i
135,football,i
135,tournament,i
135,for,O
135,senior,O
135,clubs,O
135,in,O
135,County,O
135,Antrim,O
135,.,O
136,12,O
136,teams,O
136,compete,O
136,with,O
136,the,O
136,winners,O
136,receiving,O
136,the,b
136,Padraig,i
136,McNamee,i
136,Cup,i
136,and,O
136,representing,O
136,Antrim,O
136,in,O
136,the,b
136,Ulster,i
136,Senior,i
136,Club,i
136,Football,i
136,Championship,i
136,.,O
137,The,b
137,Antrim,i
137,championship,i
137,has,O
137,a,O
137,straight,O
137,knock-out,O
137,format,O
137,.,O
138,St,O
138,Brigid,O
138,'s,O
138,returned,O
138,to,O
138,the,O
138,senior,O
138,championship,O
138,in,O
138,2018,O
138,after,O
138,a,O
138,one,O
138,year,O
138,exodus,O
138,.,O
139,Lomh,O
139,Dhearg,O
139,were,O
139,the,O
139,defending,O
139,champions,O
139,after,O
139,they,O
139,defeated,O
139,St,O
139,John,O
139,'s,O
139,in,O
139,the,b
139,2017,i
139,final,i
139,.,O
140,St,O
140,Joseph,O
140,'s,O
140,Glenavy,O
140,were,O
140,relegated,O
140,after,O
140,finishing,O
140,12th,O
140,respectively,O
140,in,O
140,the,O
140,S.F.L,O
140,.,O
141,On,O
141,21,O
141,October,O
141,2018,O
141,",",O
141,Erin,O
141,'s,O
141,Own,O
141,Cargin,O
141,claimed,O
141,their,O
141,8th,O
141,S.F.C,O
141,.,O
142,when,O
142,defeating,O
142,Creggan,O
142,Kickhams,O
142,0-5,O
142,to,O
142,0-4,O
142,in,O
142,the,O
142,final,O
142,at,O
142,Ahoghill,O
142,.,O
143,The,b
143,1942,i
143,Belize,i
143,hurricane,i
143,was,O
143,one,O
143,of,O
143,only,O
143,two,O
143,known,O
143,hurricanes,O
143,to,O
143,strike,O
143,Belize,O
143,in,O
143,the,O
143,month,O
143,of,O
143,November,O
143,",",O
143,alongside,O
143,Hurricane,b
143,Lisa,i
143,in,O
143,2022,O
143,.,O
144,The,O
144,thirteenth,O
144,observed,O
144,tropical,O
144,cyclone,O
144,",",O
144,eleventh,O
144,tropical,O
144,storm,O
144,",",O
144,and,O
144,fourth,O
144,hurricane,O
144,of,O
144,the,b
144,1942,i
144,Atlantic,i
144,hurricane,i
144,season,i
144,",",O
144,this,O
144,storm,O
144,was,O
144,detected,O
144,in,O
144,the,O
144,vicinity,O
144,of,O
144,Turks,O
144,and,O
144,Caicos,O
144,Islands,O
144,on,O
144,November,O
144,5,O
144,.,O
145,Initially,O
145,a,O
145,tropical,O
145,storm,O
145,",",O
145,it,O
145,strengthened,O
145,slowly,O
145,while,O
145,moving,O
145,westward,O
145,and,O
145,then,O
145,south-southwestward,O
145,across,O
145,the,O
145,Bahamas,O
145,.,O
146,On,O
146,November,O
146,6,O
146,",",O
146,the,O
146,storm,O
146,became,O
146,a,O
146,Category,O
146,1,O
146,hurricane,O
146,on,O
146,the,O
146,modern,O
146,day,O
146,Saffir-Simpson,O
146,hurricane,O
146,wind,O
146,scale,O
146,.,O
147,Later,O
147,that,O
147,day,O
147,",",O
147,it,O
147,made,O
147,landfall,O
147,in,O
147,Cayo,O
147,Romano,O
147,",",O
147,Camagüey,O
147,Province,O
147,",",O
147,Cuba,O
147,.,O
148,Impact,O
148,in,O
148,Cuba,O
148,and,O
148,the,O
148,Bahamas,O
148,was,O
148,limited,O
148,to,O
148,lower,O
148,barometric,O
148,pressure,O
148,readings,O
148,and,O
148,strong,O
148,winds,O
148,.,O
149,While,O
149,crossing,O
149,Cuba,O
149,",",O
149,the,O
149,system,O
149,weakened,O
149,to,O
149,a,O
149,tropical,O
149,storm,O
149,early,O
149,on,O
149,November,O
149,7,O
149,",",O
149,shortly,O
149,before,O
149,emerging,O
149,into,O
149,the,O
149,Caribbean,O
149,Sea,O
149,.,O
150,The,O
150,storm,O
150,re-strengthened,O
150,into,O
150,a,O
150,hurricane,O
150,later,O
150,that,O
150,day,O
150,and,O
150,headed,O
150,southwestward,O
150,.,O
151,Late,O
151,on,O
151,November,O
151,8,O
151,",",O
151,this,O
151,system,O
151,curved,O
151,westward,O
151,and,O
151,intensified,O
151,into,O
151,a,O
151,Category,O
151,2,O
151,hurricane,O
151,.,O
152,Six,O
152,hours,O
152,later,O
152,",",O
152,it,O
152,peaked,O
152,with,O
152,winds,O
152,of,O
152,110,O
152,mph,O
152,(,O
152,175,O
152,km/h,O
152,),O
152,.,O
153,Early,O
153,on,O
153,November,O
153,9,O
153,",",O
153,the,O
153,storm,O
153,struck,O
153,Caye,O
153,Caulker,O
153,and,O
153,northern,O
153,Belize,O
153,District,O
153,.,O
154,Rapidly,O
154,weakening,O
154,",",O
154,the,O
154,system,O
154,fell,O
154,to,O
154,tropical,O
154,storm,O
154,status,O
154,within,O
154,12,O
154,hours,O
154,of,O
154,landfall,O
154,.,O
155,By,O
155,early,O
155,on,O
155,November,O
155,10,O
155,",",O
155,it,O
155,emerged,O
155,into,O
155,the,O
155,Bay,O
155,of,O
155,Campeche,O
155,.,O
156,The,O
156,storm,O
156,meandered,O
156,erratically,O
156,until,O
156,striking,O
156,the,O
156,Yucatán,O
156,Peninsula,O
156,on,O
156,November,O
156,11,O
156,and,O
156,dissipating,O
156,hours,O
156,later,O
156,.,O
157,Strong,O
157,winds,O
157,were,O
157,observed,O
157,in,O
157,Belize,O
157,and,O
157,Mexico,O
157,'s,O
157,Yucatan,O
157,Peninsula,O
157,.,O
158,Severe,O
158,damage,O
158,was,O
158,reported,O
158,in,O
158,the,O
158,former,O
158,.,O
159,About,O
159,90,O
159,%,O
159,of,O
159,structures,O
159,in,O
159,San,O
159,Pedro,O
159,Town,O
159,were,O
159,destroyed,O
159,",",O
159,while,O
159,Newtown,O
159,was,O
159,obliterated,O
159,",",O
159,causing,O
159,its,O
159,residents,O
159,to,O
159,relocate,O
159,and,O
159,establish,O
159,the,O
159,village,O
159,of,O
159,Hopkins,O
159,.,O
160,Trees,O
160,and,O
160,crops,O
160,such,O
160,as,O
160,coconuts,O
160,also,O
160,suffered,O
160,heavy,O
160,losses,O
160,.,O
161,Overall,O
161,",",O
161,nine,O
161,deaths,O
161,and,O
161,approximately,O
161,$,O
161,4,O
161,million,O
161,(,O
161,1942,O
161,USD,O
161,),O
161,in,O
161,damage,O
161,were,O
161,reported,O
161,.,O
161,Black,b
161,Friday,i
161,",",O
161,in,O
161,British,O
161,labour,O
161,history,O
161,",",O
161,refers,O
161,to,O
161,15,O
161,April,O
161,1921,O
161,",",O
161,when,O
161,the,O
161,leaders,O
161,of,O
161,transport,O
161,and,O
161,rail,O
161,unions,O
161,announced,O
161,a,O
161,decision,O
161,not,O
161,to,O
161,call,O
161,for,O
161,strike,O
161,action,O
161,in,O
161,support,O
161,of,O
161,the,O
161,miners,O
161,.,O
162,The,O
162,epithet,O
162,'black,O
162,',O
162,derives,O
162,from,O
162,a,O
162,widespread,O
162,feeling,O
162,amongst,O
162,labour,O
162,radicals,O
162,that,O
162,the,O
162,decision,O
162,amounted,O
162,to,O
162,a,O
162,breach,O
162,of,O
162,solidarity,O
162,and,O
162,a,O
162,betrayal,O
162,of,O
162,the,O
162,miners,O
162,.,O
163,Black,b
163,Friday,i
163,caused,O
163,the,b
163,1921,i
163,United,i
163,Kingdom,i
163,census,i
163,",",O
163,which,O
163,had,O
163,been,O
163,planned,O
163,for,O
163,24,O
163,April,O
163,",",O
163,to,O
163,be,O
163,pushed,O
163,back,O
163,to,O
163,June,O
163,.,O
164,The,b
164,Osnabruck,i
164,mortar,i
164,attack,i
164,was,O
164,an,O
164,improvised,O
164,mortar,O
164,attack,O
164,carried,O
164,out,O
164,by,O
164,a,O
164,Provisional,O
164,Irish,O
164,Republican,O
164,Army,O
164,(,O
164,IRA,O
164,),O
164,unit,O
164,based,O
164,in,O
164,mainland,O
164,Europe,O
164,on,O
164,28,O
164,June,O
164,1996,O
164,against,O
164,the,O
164,British,O
164,Army,O
164,'s,O
164,Quebec,O
164,Barracks,O
164,at,O
164,Osnabruck,O
164,Garrison,O
164,near,O
164,Osnabruck,O
164,",",O
164,Germany,O
164,.,O
165,A,O
165,one-day,O
165,strike,O
165,action,O
165,took,O
165,place,O
165,in,O
165,Spain,O
165,on,O
165,27,O
165,September,O
165,2024,O
165,",",O
165,led,O
165,by,O
165,the,O
165,CGT,O
165,trade,O
165,union,O
165,federation,O
165,and,O
165,multiple,O
165,other,O
165,organizations,O
165,.,O
166,The,b
166,2017,i
166,South,i
166,American,i
166,Youth,i
166,Games,i
166,",",O
166,also,O
166,known,O
166,as,O
166,the,b
166,II,i
166,South,i
166,American,i
166,Youth,i
166,Games,i
166,",",O
166,were,O
166,a,O
166,multi-sport,O
166,event,O
166,celebrated,O
166,in,O
166,Santiago,O
166,",",O
166,Chile,O
166,.,O
167,All,O
167,14,O
167,National,O
167,Olympic,O
167,Committees,O
167,(,O
167,NOCs,O
167,),O
167,of,O
167,the,O
167,ODESUR,O
167,were,O
167,expected,O
167,to,O
167,compete,O
167,.,O
168,The,b
168,2017,i
168,Polish,i
168,Super,i
168,Cup,i
168,was,O
168,held,O
168,on,O
168,7,O
168,July,O
168,2017,O
168,between,O
168,the,O
168,2016-17,O
168,Ekstraklasa,O
168,winners,O
168,Legia,O
168,Warsaw,O
168,and,O
168,the,O
168,2016-17,O
168,Polish,O
168,Cup,O
168,winners,O
168,Arka,O
168,Gdynia,O
168,.,O
169,The,b
169,Registration,i
169,of,i
169,Births,i
169,",",i
169,Deaths,i
169,and,i
169,Marriages,i
169,(,i
169,Scotland,i
169,),i
169,Act,i
169,1965,i
169,",",O
169,is,O
169,an,O
169,act,O
169,of,O
169,the,O
169,Parliament,O
169,of,O
169,the,O
169,United,O
169,Kingdom,O
169,",",O
169,which,O
169,amended,O
169,the,O
169,existing,O
169,legislation,O
169,controlling,O
169,the,O
169,registration,O
169,system,O
169,of,O
169,births,O
169,",",O
169,deaths,O
169,and,O
169,marriages,O
169,in,O
169,Scotland,O
169,founded,O
169,in,O
169,1855,O
169,.,O
170,The,O
170,Act,O
170,set,O
170,out,O
170,the,O
170,roles,O
170,",",O
170,responsibilities,O
170,and,O
170,functions,O
170,of,O
170,the,O
170,Registrar,O
170,General,O
170,for,O
170,Scotland,O
170,",",O
170,and,O
170,the,O
170,ability,O
170,of,O
170,the,O
170,Registrar-General,O
170,to,O
170,appoint,O
170,other,O
170,Registrars,O
170,.,O
171,The,O
171,Act,O
171,also,O
171,provides,O
171,for,O
171,a,O
171,yearly,O
171,report,O
171,to,O
171,be,O
171,published,O
171,by,O
171,the,O
171,Registrar-General,O
171,delineating,O
171,annual,O
171,trends,O
171,in,O
171,Scotland,O
171,'s,O
171,population,O
171,-,O
171,including,O
171,estimated,O
171,population,O
171,size,O
171,",",O
171,birth,O
171,rates,O
171,",",O
171,death,O
171,rates,O
171,and,O
171,migration,O
171,rates,O
171,to,O
171,be,O
171,presented,O
171,to,O
171,Scottish,O
171,Ministers,O
171,.,O
172,The,O
172,Act,O
172,has,O
172,been,O
172,substantially,O
172,amended,O
172,in,O
172,many,O
172,areas,O
172,with,O
172,succeeding,O
172,legislation,O
172,",",O
172,such,O
172,as,O
172,the,b
172,Local,i
172,Government,i
172,(,i
172,Scotland,i
172,),i
172,Act,i
172,1973,i
172,",",O
172,the,b
172,Marriage,i
172,(,i
172,Scotland,i
172,),i
172,Act,i
172,1977,i
172,",",O
172,the,b
172,Adoption,i
172,(,i
172,Scotland,i
172,),i
172,Act,i
172,1978,i
172,",",O
172,the,b
172,British,i
172,Nationality,i
172,Act,i
172,1981,i
172,and,O
172,the,b
172,Scotland,i
172,Act,i
172,1998,i
172,.,O
173,The,b
173,Scotland,i
173,Act,i
173,transferred,O
173,overall,O
173,control,O
173,of,O
173,the,O
173,Registrar,O
173,General,O
173,for,O
173,Scotland,O
173,and,O
173,the,O
173,General,O
173,Register,O
173,Office,O
173,for,O
173,Scotland,O
173,from,O
173,the,O
173,Scottish,O
173,Office,O
173,to,O
173,the,O
173,Scottish,O
173,Executive-,O
173,the,O
173,devolved,O
173,government,O
173,of,O
173,Scotland,O
173,.,O
174,However,O
174,many,O
174,of,O
174,the,O
174,central,O
174,functions,O
174,of,O
174,the,O
174,General,O
174,Register,O
174,Office,O
174,for,O
174,Scotland,O
174,continue,O
174,to,O
174,be,O
174,governed,O
174,by,O
174,the,O
174,Act,O
174,.,O
175,Virgin,b
175,Atlantic,i
175,Flight,i
175,24,i
175,was,O
175,a,O
175,regularly,O
175,scheduled,O
175,Virgin,O
175,Atlantic,O
175,passenger,O
175,flight,O
175,from,O
175,Los,O
175,Angeles,O
175,",",O
175,California,O
175,",",O
175,to,O
175,London,O
175,",",O
175,United,O
175,Kingdom,O
175,.,O
176,On,O
176,5,O
176,November,O
176,1997,O
176,",",O
176,the,O
176,Airbus,O
176,A340,O
176,was,O
176,forced,O
176,to,O
176,make,O
176,an,O
176,emergency,O
176,landing,O
176,at,O
176,London,O
176,Heathrow,O
176,Airport,O
176,after,O
176,the,O
176,left,O
176,main,O
176,landing,O
176,gear,O
176,failed,O
176,to,O
176,deploy,O
176,.,O
177,During,O
177,the,O
177,crash,O
177,landing,O
177,",",O
177,the,O
177,aircraft,O
177,was,O
177,damaged,O
177,and,O
177,later,O
177,repaired,O
177,.,O
178,Of,O
178,the,O
178,114,O
178,passengers,O
178,and,O
178,crew,O
178,aboard,O
178,",",O
178,7,O
178,were,O
178,lightly,O
178,injured,O
178,.,O
179,The,b
179,Bradina,i
179,massacre,i
179,was,O
179,the,O
179,mass,O
179,murder,O
179,of,O
179,at,O
179,least,O
179,48,O
179,Bosnian,O
179,Serb,O
179,civilians,O
179,by,O
179,joint,O
179,Bosniak,O
179,and,O
179,Bosnian,O
179,Croat,O
179,forces,O
179,on,O
179,May,O
179,25,O
179,",",O
179,1992,O
179,",",O
179,in,O
179,the,O
179,village,O
179,of,O
179,Bradina,O
179,",",O
179,located,O
179,in,O
179,the,O
179,municipality,O
179,of,O
179,Konjic,O
179,",",O
179,during,O
179,the,b
179,Bosnian,i
179,War,i
179,.,O
180,Elections,b
180,of,i
180,the,i
180,Dutch,i
180,Senate,i
180,were,O
180,held,O
180,on,O
180,26,O
180,May,O
180,2003,O
180,",",O
180,following,O
180,the,b
180,provincial,i
180,elections,i
180,on,i
180,11,i
180,March,i
180,2003,i
180,.,O
181,The,O
181,564,O
181,members,O
181,of,O
181,the,O
181,twelve,O
181,States-Provincial,O
181,elected,O
181,the,O
181,75,O
181,Senate,O
181,members,O
181,.,O
182,The,O
182,new,O
182,Senate,O
182,was,O
182,installed,O
182,on,O
182,10,O
182,June,O
182,2003,O
182,.,O
183,The,O
183,term,O
183,of,O
183,office,O
183,ended,O
183,on,O
183,11,O
183,June,O
183,2007,O
183,.,O
184,Regional,O
184,elections,O
184,were,O
184,held,O
184,on,O
184,13,O
184,May,O
184,2023,O
184,to,O
184,elect,O
184,the,O
184,37,O
184,members,O
184,of,O
184,the,O
184,Regional,O
184,Council,O
184,of,O
184,Nouakchott,O
184,",",O
184,as,O
184,part,O
184,of,O
184,the,b
184,2023,i
184,Mauritanian,i
184,regional,i
184,elections,i
184,.,O
185,The,b
185,Canadian,i
185,Heritage,i
185,Rivers,i
185,System,i
185,is,O
185,a,O
185,joint,O
185,program,O
185,administered,O
185,by,O
185,the,O
185,federal,O
185,",",O
185,provincial,O
185,",",O
185,and,O
185,territorial,O
185,governments,O
185,to,O
185,conserve,O
185,and,O
185,protect,O
185,the,O
185,best,O
185,examples,O
185,of,O
185,Canada,O
185,'s,O
185,river,O
185,heritage,O
185,",",O
185,to,O
185,give,O
185,them,O
185,national,O
185,recognition,O
185,",",O
185,and,O
185,to,O
185,encourage,O
185,the,O
185,public,O
185,to,O
185,enjoy,O
185,and,O
185,appreciate,O
185,them,O
185,.,O
186,It,O
186,is,O
186,a,O
186,cooperative,O
186,program,O
186,of,O
186,the,O
186,governments,O
186,of,O
186,Canada,O
186,",",O
186,nine,O
186,provinces,O
186,",",O
186,and,O
186,the,O
186,three,O
186,territories,O
186,.,O
187,A,O
187,14-member,O
187,national,O
187,board,O
187,",",O
187,created,O
187,under,O
187,the,O
187,Parks,O
187,Canada,O
187,Agency,O
187,Act,O
187,",",O
187,administers,O
187,the,O
187,program,O
187,and,O
187,approves,O
187,the,O
187,designation,O
187,of,O
187,specific,O
187,rivers,O
187,.,O
188,Individual,O
188,jurisdictions,O
188,can,O
188,co-nominate,O
188,and,O
188,co-designate,O
188,their,O
188,respective,O
188,rivers,O
188,or,O
188,river,O
188,segments,O
188,in,O
188,accordance,O
188,with,O
188,guidance,O
188,from,O
188,the,O
188,program,O
188,Charter,O
188,",",O
188,and,O
188,Strategic,O
188,Plan,O
188,",",O
188,and,O
188,the,O
188,Principles,O
188,",",O
188,Procedures,O
188,and,O
188,Operational,O
188,Guidelines,O
188,(,O
188,PPOG,O
188,),O
188,.,O
189,Operation,b
189,Essential,i
189,Harvest,i
189,(,O
189,or,O
189,Task,b
189,Force,i
189,Harvest,i
189,),O
189,was,O
189,a,O
189,deployment,O
189,mission,O
189,in,O
189,the,O
189,Republic,O
189,of,O
189,Macedonia,O
189,by,O
189,NATO,O
189,",",O
189,officially,O
189,launched,O
189,on,O
189,August,O
189,22,O
189,",",O
189,2001,O
189,",",O
189,and,O
189,effectively,O
189,started,O
189,on,O
189,August,O
189,27,O
189,.,O
190,Because,O
190,national,O
190,contributions,O
190,were,O
190,larger,O
190,than,O
190,expected,O
190,",",O
190,the,O
190,force,O
190,ultimately,O
190,grew,O
190,to,O
190,approximately,O
190,"4,800",O
190,troops,O
190,.,O
191,Troops,O
191,from,O
191,2nd,O
191,Battalion,O
191,",",O
191,The,O
191,Parachute,O
191,Regiment,O
191,",",O
191,9,O
191,Parachute,O
191,Squadron,O
191,RE,O
191,and,O
191,members,O
191,of,O
191,the,O
191,SAS,O
191,working,O
191,in,O
191,the,O
191,A.O.R,O
191,.,O
192,The,O
192,operation,O
192,was,O
192,headquartered,O
192,in,O
192,a,O
192,fruit,O
192,processing,O
192,plant,O
192,called,O
192,Tri,O
192,Krusi,O
192,in,O
192,Dracevo,O
192,.,O
193,Network,b
193,Rail,i
193,Control,i
193,Periods,i
193,are,O
193,the,O
193,5-year,O
193,timespans,O
193,into,O
193,which,O
193,Network,O
193,Rail,O
193,",",O
193,the,O
193,owner,O
193,and,O
193,operator,O
193,of,O
193,most,O
193,of,O
193,the,O
193,rail,O
193,infrastructure,O
193,in,O
193,Great,O
193,Britain,O
193,",",O
193,works,O
193,for,O
193,financial,O
193,and,O
193,other,O
193,planning,O
193,purposes,O
193,.,O
194,Each,O
194,Control,O
194,Period,O
194,begins,O
194,on,O
194,1,O
194,April,O
194,and,O
194,ends,O
194,on,O
194,31,O
194,March,O
194,to,O
194,coincide,O
194,with,O
194,the,O
194,financial,O
194,year,O
194,.,O
195,These,O
195,periods,O
195,were,O
195,inherited,O
195,from,O
195,Railtrack,O
195,",",O
195,so,O
195,that,O
195,the,O
195,earlier,O
195,ones,O
195,are,O
195,retrospective,O
195,",",O
195,and,O
195,not,O
195,necessarily,O
195,of,O
195,5,O
195,years,O
195,duration,O
195,.,O
196,As,O
196,Network,O
196,Rail,O
196,is,O
196,responsible,O
196,for,O
196,developing,O
196,and,O
196,maintaining,O
196,railway,O
196,infrastructure,O
196,",",O
196,the,O
196,Control,O
196,Periods,O
196,are,O
196,used,O
196,to,O
196,decide,O
196,priorities,O
196,for,O
196,investment,O
196,.,O
197,Infrastructure,O
197,developments,O
197,have,O
197,taken,O
197,place,O
197,or,O
197,are,O
197,planned,O
197,as,O
197,follows,O
197,:,O
197,1894,b
197,Singapore,i
197,Amateur,i
197,Football,i
197,Association,i
197,Challenge,i
197,Cup,i
197,was,O
197,the,O
197,third,O
197,season,O
197,of,O
197,the,O
197,Amateur,O
197,Challenge,O
197,Cup,O
197,",",O
197,the,O
197,predecessor,O
197,of,O
197,the,O
197,Singapore,O
197,Cup,O
197,.,O
198,Two,O
198,teams,O
198,of,O
198,the,O
198,10th,O
198,Lincolnshire,O
198,Regiment,O
198,met,O
198,in,O
198,the,O
198,final,O
198,",",O
198,which,O
198,was,O
198,n't,O
198,settled,O
198,throughout,O
198,six,O
198,replays,O
198,.,O
199,After,O
199,the,O
199,sixth,O
199,replay,O
199,",",O
199,all,O
199,22,O
199,players,O
199,names,O
199,were,O
199,entered,O
199,into,O
199,a,O
199,hat,O
199,",",O
199,and,O
199,11,O
199,names,O
199,were,O
199,drawn,O
199,out,O
199,a,O
199,hat,O
199,to,O
199,receive,O
199,winners,O
199,',O
199,medals,O
199,",",O
199,8,O
199,of,O
199,them,O
199,from,O
199,the,O
199,second,O
199,team,O
199,and,O
199,3,O
199,from,O
199,the,O
199,first,O
199,team,O
199,.,O
200,The,b
200,internal,i
200,slave,i
200,trade,i
200,in,i
200,the,i
200,United,i
200,States,i
200,",",O
200,also,O
200,known,O
200,as,O
200,the,b
200,domestic,i
200,slave,i
200,trade,i
200,",",O
200,the,b
200,Second,i
200,Middle,i
200,Passage,i
200,and,O
200,the,b
200,interregional,i
200,slave,i
200,trade,i
200,",",O
200,was,O
200,the,O
200,mercantile,O
200,trade,O
200,of,O
200,enslaved,O
200,people,O
200,within,O
200,the,O
200,United,O
200,States,O
200,.,O
201,It,O
201,was,O
201,most,O
201,significant,O
201,after,O
201,1808,O
201,",",O
201,when,O
201,the,O
201,importation,O
201,of,O
201,slaves,O
201,from,O
201,Africa,O
201,was,O
201,prohibited,O
201,by,O
201,federal,O
201,law,O
201,.,O
202,Historians,O
202,estimate,O
202,that,O
202,upwards,O
202,of,O
202,one,O
202,million,O
202,slaves,O
202,were,O
202,forcibly,O
202,relocated,O
202,from,O
202,the,O
202,Upper,O
202,South,O
202,",",O
202,places,O
202,like,O
202,Maryland,O
202,",",O
202,Virginia,O
202,",",O
202,Kentucky,O
202,",",O
202,North,O
202,Carolina,O
202,",",O
202,Tennessee,O
202,",",O
202,and,O
202,Missouri,O
202,",",O
202,to,O
202,the,O
202,territories,O
202,and,O
202,then-new,O
202,states,O
202,of,O
202,the,O
202,Deep,O
202,South,O
202,",",O
202,especially,O
202,Georgia,O
202,",",O
202,Alabama,O
202,",",O
202,Louisiana,O
202,",",O
202,Mississippi,O
202,",",O
202,and,O
202,Arkansas,O
202,.,O
203,Economists,O
203,say,O
203,that,O
203,transactions,O
203,in,O
203,the,b
203,inter-regional,i
203,slave,i
203,market,i
203,were,O
203,driven,O
203,primarily,O
203,by,O
203,differences,O
203,in,O
203,the,O
203,marginal,O
203,productivity,O
203,of,O
203,labor,O
203,",",O
203,which,O
203,were,O
203,based,O
203,in,O
203,the,O
203,relative,O
203,advantage,O
203,between,O
203,climates,O
203,for,O
203,the,O
203,production,O
203,of,O
203,staple,O
203,goods,O
203,.,O
204,The,O
204,trade,O
204,was,O
204,strongly,O
204,influenced,O
204,by,O
204,the,b
204,invention,i
204,of,i
204,the,i
204,cotton,i
204,gin,i
204,",",O
204,which,O
204,made,O
204,short-staple,O
204,cotton,O
204,profitable,O
204,for,O
204,cultivation,O
204,across,O
204,large,O
204,swathes,O
204,of,O
204,the,O
204,upland,O
204,Deep,O
204,South,O
204,(,O
204,the,O
204,Black,O
204,Belt,O
204,),O
204,.,O
205,Previously,O
205,the,O
205,commodity,O
205,was,O
205,based,O
205,on,O
205,long-staple,O
205,cotton,O
205,cultivated,O
205,in,O
205,coastal,O
205,areas,O
205,and,O
205,the,O
205,Sea,O
205,Islands,O
205,.,O
206,The,O
206,disparity,O
206,in,O
206,productivity,O
206,created,O
206,arbitrage,O
206,opportunities,O
206,for,O
206,traders,O
206,to,O
206,exploit,O
206,",",O
206,and,O
206,it,O
206,facilitated,O
206,regional,O
206,specialization,O
206,in,O
206,labor,O
206,production,O
206,.,O
207,Due,O
207,to,O
207,a,O
207,lack,O
207,of,O
207,data,O
207,",",O
207,particularly,O
207,with,O
207,regard,O
207,to,O
207,slave,O
207,prices,O
207,",",O
207,land,O
207,values,O
207,",",O
207,and,O
207,export,O
207,totals,O
207,for,O
207,slaves,O
207,",",O
207,the,O
207,TRUE,O
207,effects,O
207,of,O
207,the,b
207,domestic,i
207,slave,i
207,trade,i
207,",",O
207,on,O
207,both,O
207,the,O
207,economy,O
207,of,O
207,the,O
207,Old,O
207,South,O
207,and,O
207,general,b
207,migration,i
207,patterns,i
207,of,i
207,slaves,i
207,into,i
207,southwest,i
207,territories,i
207,",",O
207,remain,O
207,uncertain,O
207,.,O
208,These,O
208,have,O
208,served,O
208,as,O
208,points,O
208,of,O
208,contention,O
208,among,O
208,economic,O
208,historians,O
208,.,O
209,The,O
209,physical,O
209,effect,O
209,of,O
209,forced,O
209,labor,O
209,(,O
209,on,O
209,remote,O
209,plantation,O
209,camps,O
209,plagued,O
209,with,O
209,yellow,O
209,fever,O
209,",",O
209,cholera,O
209,",",O
209,and,O
209,malaria,O
209,),O
209,",",O
209,and,O
209,social-emotional,O
209,effect,O
209,of,O
209,family,O
209,separation,O
209,in,O
209,American,b
209,slavery,i
209,",",O
209,was,O
209,nothing,O
209,short,O
209,of,O
209,catastrophic,O
209,.,O
210,Holiday,b
210,Junction,i
210,Featuring,O
210,the,O
210,Duke,O
210,Energy,O
210,Holiday,O
210,Trains,O
210,is,O
210,a,O
210,rail-themed,O
210,holiday,O
210,event,O
210,held,O
210,annually,O
210,since,O
210,1996,O
210,at,O
210,the,O
210,Cincinnati,O
210,Museum,O
210,Center,O
210,at,O
210,Union,O
210,Terminal,O
210,in,O
210,Cincinnati,O
210,",",O
210,Ohio,O
210,.,O
211,Its,O
211,main,O
211,attraction,O
211,is,O
211,a,O
211,much,O
211,older,O
211,model,O
211,railroad,O
211,display,O
211,",",O
211,which,O
211,is,O
211,owned,O
211,by,O
211,CSX,O
211,Transportation,O
211,and,O
211,sponsored,O
211,by,O
211,Duke,O
211,Energy,O
211,.,O
212,The,b
212,War,i
212,of,i
212,the,i
212,Second,i
212,Coalition,i
212,(,O
212,1798/9-1801/2,O
212,",",O
212,depending,O
212,on,O
212,periodisation,O
212,),O
212,was,O
212,the,O
212,second,O
212,war,O
212,targeting,O
212,revolutionary,O
212,France,O
212,by,O
212,many,O
212,European,O
212,monarchies,O
212,",",O
212,led,O
212,by,O
212,Britain,O
212,",",O
212,Austria,O
212,",",O
212,and,O
212,Russia,O
212,and,O
212,including,O
212,the,O
212,Ottoman,O
212,Empire,O
212,",",O
212,Portugal,O
212,",",O
212,Naples,O
212,and,O
212,various,O
212,German,O
212,monarchies,O
212,.,O
213,Prussia,O
213,did,O
213,not,O
213,join,O
213,the,O
213,coalition,O
213,",",O
213,while,O
213,Spain,O
213,supported,O
213,France,O
213,.,O
214,The,O
214,overall,O
214,goal,O
214,of,O
214,Britain,O
214,and,O
214,Russia,O
214,was,O
214,to,O
214,contain,O
214,the,b
214,expansion,i
214,of,i
214,the,i
214,French,i
214,Republic,i
214,and,O
214,to,O
214,restore,O
214,the,O
214,monarchy,O
214,in,O
214,France,O
214,",",O
214,while,O
214,Austria,O
214,-,O
214,weakened,O
214,and,O
214,in,O
214,deep,O
214,financial,O
214,debt,O
214,from,O
214,the,b
214,War,i
214,of,i
214,the,i
214,First,i
214,Coalition,i
214,-,O
214,sought,O
214,primarily,O
214,to,O
214,recover,O
214,its,O
214,position,O
214,and,O
214,come,O
214,out,O
214,of,O
214,the,O
214,war,O
214,stronger,O
214,than,O
214,when,O
214,it,O
214,had,O
214,entered,O
214,.,O
215,In,O
215,large,O
215,part,O
215,because,O
215,of,O
215,the,O
215,difference,O
215,in,O
215,strategy,O
215,among,O
215,the,O
215,three,O
215,major,O
215,allied,O
215,powers,O
215,",",O
215,the,b
215,Second,i
215,Coalition,i
215,failed,O
215,to,O
215,overthrow,O
215,the,O
215,revolutionary,O
215,government,O
215,",",O
215,and,O
215,French,O
215,territorial,O
215,gains,O
215,since,O
215,1793,O
215,were,O
215,confirmed,O
215,.,O
216,In,O
216,the,b
216,Franco-Austrian,i
216,Treaty,i
216,of,i
216,Luneville,i
216,in,O
216,February,O
216,1801,O
216,",",O
216,France,O
216,held,O
216,all,O
216,of,O
216,its,O
216,previous,O
216,gains,O
216,and,O
216,obtained,O
216,new,O
216,lands,O
216,in,O
216,Tuscany,O
216,",",O
216,in,O
216,Italy,O
216,.,O
217,Austria,O
217,was,O
217,granted,O
217,Venetia,O
217,and,O
217,the,O
217,former,O
217,Venetian,O
217,Dalmatia,O
217,.,O
218,Most,O
218,other,O
218,allies,O
218,also,O
218,signed,O
218,separate,O
218,peace,O
218,treaties,O
218,with,O
218,the,O
218,French,O
218,Republic,O
218,in,O
218,1801,O
218,.,O
219,Britain,O
219,and,O
219,France,O
219,signed,O
219,the,b
219,Treaty,i
219,of,i
219,Amiens,i
219,in,O
219,March,O
219,1802,O
219,",",O
219,followed,O
219,by,O
219,the,O
219,Ottomans,O
219,in,O
219,June,O
219,1802,O
219,",",O
219,which,O
219,brought,O
219,an,O
219,interval,O
219,of,O
219,peace,O
219,in,O
219,Europe,O
219,that,O
219,lasted,O
219,several,O
219,months,O
219,until,O
219,Britain,O
219,declared,O
219,war,O
219,on,O
219,France,O
219,again,O
219,in,O
219,May,O
219,1803,O
219,.,O
220,The,O
220,renewed,O
220,hostilities,O
220,culminated,O
220,in,O
220,the,b
220,War,i
220,of,i
220,the,i
220,Third,i
220,Coalition,i
220,.,O
221,The,b
221,Maternity,i
221,(,i
221,Amendment,i
221,),i
221,Bill,i
221,2017,i
221,",",O
221,an,O
221,amendment,O
221,to,O
221,the,b
221,Maternity,i
221,Benefit,i
221,Act,i
221,",",i
221,1961,i
221,",",O
221,was,O
221,passed,O
221,in,O
221,Rajya,O
221,Sabha,O
221,on,O
221,11,O
221,August,O
221,2016,O
221,",",O
221,in,O
221,Lok,O
221,Sabha,O
221,on,O
221,9,O
221,March,O
221,2017,O
221,",",O
221,and,O
221,received,O
221,an,O
221,assent,O
221,from,O
221,President,O
221,of,O
221,India,O
221,on,O
221,27,O
221,March,O
221,2017,O
221,.,O
222,The,b
222,Maternity,i
222,Benefit,i
222,Act,i
222,",",i
222,1961,i
222,protects,O
222,the,O
222,employment,O
222,of,O
222,women,O
222,during,O
222,the,O
222,time,O
222,of,O
222,her,O
222,maternity,O
222,and,O
222,entitles,O
222,her,O
222,of,O
222,a,O
222,'maternity,O
222,benefit,O
222,',O
222,-,O
222,ie,O
223,full,O
223,paid,O
223,absence,O
223,from,O
223,work,O
223,-,O
223,to,O
223,take,O
223,care,O
223,for,O
223,her,O
223,child,O
223,.,O
224,The,O
224,Act,O
224,is,O
224,applicable,O
224,to,O
224,all,O
224,establishments,O
224,employing,O
224,10,O
224,or,O
224,more,O
224,than,O
224,10,O
224,persons,O
224,in,O
224,Factories,O
224,",",O
224,Mines,O
224,",",O
224,Plantation,O
224,",",O
224,Shops,O
224,&,O
224,Establishments,O
224,and,O
224,other,O
224,entities,O
224,.,O
225,Establishments,O
225,employing,O
225,50,O
225,or,O
225,more,O
225,employees,O
225,are,O
225,also,O
225,required,O
225,to,O
225,provide,O
225,creche,O
225,facilities,O
225,",",O
225,either,O
225,separately,O
225,or,O
225,along,O
225,with,O
225,common,O
225,facilities,O
225,within,O
225,a,O
225,prescribed,O
225,distance,O
225,.,O
226,The,O
226,provisions,O
226,of,O
226,this,O
226,act,O
226,are,O
226,effective,O
226,from,O
226,1,O
226,April,O
226,2017,O
226,.,O
227,However,O
227,",",O
227,provision,O
227,on,O
227,creche,O
227,facility,O
227,(,O
227,Section,O
227,11A,O
227,),O
227,shall,O
227,be,O
227,effective,O
227,from,O
227,1,O
227,July,O
227,2017,O
227,.,O
228,The,b
228,Code,i
228,on,i
228,Social,i
228,Security,i
228,",",i
228,2020,i
228,consolidated,O
228,the,O
228,provisions,O
228,of,O
228,this,O
228,and,O
228,several,O
228,other,O
228,acts,O
228,",",O
228,repealing,O
228,the,O
228,acts,O
228,in,O
228,the,O
228,process,O
228,.,O
229,The,b
229,1969,i
229,Israel,i
229,Super,i
229,Cup,i
229,was,O
229,the,O
229,sixth,O
229,Israel,b
229,Super,i
229,Cup,i
229,",",O
229,an,O
229,annual,O
229,Israeli,O
229,football,O
229,match,O
229,played,O
229,between,O
229,the,O
229,winners,O
229,of,O
229,the,O
229,previous,O
229,season,O
229,'s,O
229,Top,O
229,Division,O
229,and,O
229,Israel,b
229,State,i
229,Cup,i
229,",",O
229,and,O
229,the,O
229,first,O
229,time,O
229,the,O
229,competition,O
229,was,O
229,played,O
229,under,O
229,the,O
229,IFA,O
229,.,O
230,The,O
230,match,O
230,was,O
230,played,O
230,between,O
230,Hapoel,O
230,Tel,O
230,Aviv,O
230,",",O
230,champions,O
230,of,O
230,the,O
230,1968-69,O
230,Liga,O
230,Leumit,O
230,and,O
230,Hakoah,O
230,Ramat,O
230,Gan,O
230,",",O
230,winners,O
230,of,O
230,the,b
230,1968-69,i
230,Israel,i
230,State,i
230,Cup,i
230,.,O
231,At,O
231,the,O
231,match,O
231,",",O
231,played,O
231,at,O
231,Bloomfield,O
231,Stadium,O
231,",",O
231,Hapoel,O
231,Tel,O
231,Aviv,O
231,won,O
231,1-May,O
231,.,O
232,During,O
232,the,b
232,Parade,i
232,of,i
232,Nations,i
232,at,O
232,the,O
232,2018,O
232,Asian,O
232,Games,O
232,opening,O
232,ceremony,O
232,",",O
232,beginning,O
232,at,O
232,19:00,O
232,WIB,O
232,(,O
232,UTC+7,O
232,),O
232,on,O
232,18,O
232,August,O
232,2018,O
232,",",O
232,athletes,O
232,bearing,O
232,the,O
232,flags,O
232,of,O
232,their,O
232,respective,O
232,nations,O
232,led,O
232,their,O
232,national,O
232,delegations,O
232,as,O
232,they,O
232,paraded,O
232,into,O
232,the,O
232,Gelora,O
232,Bung,O
232,Karno,O
232,Stadium,O
232,in,O
232,the,O
232,co-host,O
232,city,O
232,of,O
232,Jakarta,O
232,",",O
232,Indonesia,O
232,",",O
232,preceded,O
232,by,O
232,their,O
232,flag,O
232,and,O
232,placard,O
232,bearer,O
232,.,O
233,Each,O
233,flag,O
233,bearer,O
233,had,O
233,been,O
233,chosen,O
233,either,O
233,by,O
233,the,O
233,nation,O
233,'s,O
233,National,O
233,Olympic,O
233,Committee,O
233,or,O
233,by,O
233,the,O
233,athletes,O
233,themselves,O
233,.,O
234,In,O
234,keeping,O
234,with,O
234,tradition,O
234,",",O
234,the,O
234,host,O
234,nation,O
234,",",O
234,Indonesia,O
234,entered,O
234,last,O
234,.,O
235,44,O
235,teams,O
235,marched,O
235,in,O
235,(,O
235,43,O
235,nations,O
235,and,O
235,the,O
235,Unified,O
235,Korea,O
235,team,O
235,),O
235,.,O
236,Although,O
236,the,O
236,Games,O
236,were,O
236,held,O
236,in,O
236,Indonesia,O
236,",",O
236,English,O
236,was,O
236,used,O
236,to,O
236,organize,O
236,the,b
236,Parade,i
236,of,i
236,Nations,i
236,(,O
236,as,O
236,per,O
236,Olympic,O
236,Council,O
236,of,O
236,Asia,O
236,protocol,O
236,determines,O
236,that,O
236,this,O
236,element,O
236,could,O
236,be,O
236,held,O
236,in,O
236,French,O
236,or,O
236,the,O
236,International,O
236,Olympic,O
236,Committee,O
236,three-letter,O
236,codes,O
236,),O
236,instead,O
236,of,O
236,Indonesian,O
236,",",O
236,the,O
236,official,O
236,language,O
236,of,O
236,the,O
236,nation,O
236,.,O
237,Had,O
237,the,O
237,parade,O
237,followed,O
237,the,O
237,Indonesian,O
237,script,O
237,",",O
237,Afghanistan,O
237,would,O
237,have,O
237,been,O
237,followed,O
237,by,O
237,Saudi,O
237,Arabia,O
237,",",O
237,and,O
237,Jordan,O
237,would,O
237,have,O
237,been,O
237,the,O
237,penultimate,O
237,country,O
237,before,O
237,Indonesia,O
237,.,O
238,The,b
238,Battle,i
238,of,i
238,Morogoro,i
238,was,O
238,fought,O
238,during,O
238,the,b
238,East,i
238,African,i
238,Campaign,i
238,of,O
238,World,b
238,War,i
238,I,i
238,.,O
239,The,b
239,siege,i
239,of,i
239,Bani,i
239,Walid,i
239,was,O
239,a,O
239,military,O
239,conflict,O
239,in,O
239,Libya,O
239,.,O
240,Top,b
240,Scientist,i
240,and,i
240,Technologist,i
240,Award,i
240,of,i
240,Korea,i
240,is,O
240,one,O
240,of,O
240,two,O
240,annual,O
240,awards,O
240,given,O
240,in,O
240,South,O
240,Korea,O
240,by,O
240,the,O
240,Korean,O
240,Federation,O
240,of,O
240,Science,O
240,and,O
240,Technology,O
240,Societies,O
240,(,O
240,ko,O
240,),O
240,with,O
240,the,O
240,other,O
240,being,O
240,a,O
240,government,O
240,award,O
240,for,O
240,contribution,O
240,to,O
240,science,O
240,and,O
240,technology,O
240,promotion,O
240,.,O
241,The,b
241,Top,i
241,Scientist,i
241,and,i
241,Technologist,i
241,Award,i
241,of,i
241,Korea,i
241,was,O
241,started,O
241,in,O
241,2003,O
241,as,O
241,the,O
241,successor,O
241,to,O
241,the,b
241,Science,i
241,and,i
241,Technology,i
241,Award,i
241,of,i
241,Korea,i
241,which,O
241,was,O
241,established,O
241,in,O
241,1968,O
241,.,O
242,The,O
242,award,O
242,is,O
242,to,O
242,foster,O
242,honor,O
242,and,O
242,pride,O
242,and,O
242,create,O
242,an,O
242,environment,O
242,in,O
242,which,O
242,people,O
242,can,O
242,focus,O
242,on,O
242,research,O
242,and,O
242,development,O
242,by,O
242,discovering,O
242,and,O
242,encouraging,O
242,scientists,O
242,and,O
242,engineers,O
242,with,O
242,outstanding,O
242,achievements,O
242,who,O
242,can,O
242,represent,O
242,South,O
242,Korea,O
242,.,O
243,While,O
243,previously,O
243,given,O
243,to,O
243,multiple,O
243,individuals,O
243,",",O
243,from,O
243,2003,O
243,only,O
243,person,O
243,is,O
243,selected,O
243,for,O
243,each,O
243,cycle,O
243,.,O
244,Laureates,O
244,receive,O
244,the,O
244,award,O
244,and,O
244,300,O
244,million,O
244,KRW,O
244,cash,O
244,prize,O
244,.,O
245,The,b
245,2020,i
245,Big,i
245,West,i
245,Conference,i
245,women,i
245,'s,i
245,basketball,i
245,tournament,i
245,was,O
245,the,O
245,postseason,O
245,women,O
245,'s,O
245,basketball,O
245,tournament,O
245,that,O
245,was,O
245,scheduled,O
245,to,O
245,take,O
245,place,O
245,March,O
245,14-Oct,O
245,",",O
245,2020,O
245,",",O
245,at,O
245,two,O
245,venues,O
245,in,O
245,the,O
245,Los,O
245,Angeles,O
245,area,O
245,.,O
246,The,O
246,first,O
246,two,O
246,rounds,O
246,were,O
246,scheduled,O
246,for,O
246,the,O
246,Walter,O
246,Pyramid,O
246,in,O
246,Long,O
246,Beach,O
246,",",O
246,California,O
246,",",O
246,while,O
246,the,O
246,semifinals,O
246,and,O
246,championship,O
246,were,O
246,to,O
246,be,O
246,held,O
246,at,O
246,the,O
246,Honda,O
246,Center,O
246,in,O
246,Anaheim,O
246,.,O
247,The,O
247,winner,O
247,of,O
247,the,b
247,Big,i
247,West,i
247,tournament,i
247,would,O
247,have,O
247,received,O
247,the,O
247,conference,O
247,'s,O
247,automatic,O
247,bid,O
247,to,O
247,the,b
247,2020,i
247,NCAA,i
247,Division,i
247,I,i
247,women,i
247,'s,i
247,basketball,i
247,tournament,i
247,.,O
248,On,O
248,March,O
248,10,O
248,it,O
248,was,O
248,announced,O
248,the,O
248,tournament,O
248,will,O
248,be,O
248,played,O
248,without,O
248,spectators,O
248,",",O
248,in,O
248,an,O
248,effort,O
248,to,O
248,prevent,O
248,the,O
248,spread,O
248,of,O
248,the,O
248,coronavirus,O
248,.,O
249,On,O
249,March,O
249,12,O
249,",",O
249,the,O
249,NCAA,O
249,announced,O
249,that,O
249,the,O
249,tournament,O
249,was,O
249,cancelled,O
249,due,O
249,to,O
249,the,b
249,coronavirus,i
249,pandemic,i
249,.,O
250,The,b
250,2020,i
250,Charlotte,i
250,Independence,i
250,season,i
250,was,O
250,the,O
250,club,O
250,'s,O
250,sixth,O
250,season,O
250,of,O
250,existence,O
250,",",O
250,and,O
250,their,O
250,sixth,O
250,in,O
250,the,b
250,USL,i
250,Championship,i
250,(,i
250,USLC,i
250,),i
250,",",O
250,the,O
250,second,O
250,tier,O
250,of,O
250,American,O
250,soccer,O
250,.,O
251,This,O
251,article,O
251,covers,O
251,the,O
251,period,O
251,from,O
251,November,O
251,18,O
251,",",O
251,2019,O
251,",",O
251,the,O
251,day,O
251,after,O
251,the,b
251,2019,i
251,USLC,i
251,Playoff,i
251,Final,i
251,",",O
251,to,O
251,the,O
251,conclusion,O
251,of,O
251,the,b
251,2020,i
251,USLC,i
251,Playoff,i
251,Final,i
251,",",O
251,scheduled,O
251,for,O
251,November,O
251,16-Dec,O
251,",",O
251,2020,O
251,.,O
252,The,b
252,2021,i
252,Stockport,i
252,Metropolitan,i
252,Borough,i
252,Council,i
252,election,i
252,were,O
252,held,O
252,on,O
252,6,O
252,May,O
252,2021,O
252,",",O
252,to,O
252,elect,O
252,members,O
252,of,O
252,Stockport,O
252,Metropolitan,O
252,Borough,O
252,Council,O
252,in,O
252,England,O
252,.,O
253,This,O
253,was,O
253,on,O
253,the,O
253,same,O
253,day,O
253,as,O
253,other,O
253,local,O
253,elections,O
253,.,O
254,Stockport,O
254,Council,O
254,is,O
254,elected,O
254,in,O
254,thirds,O
254,",",O
254,which,O
254,means,O
254,that,O
254,in,O
254,each,O
254,three,O
254,member,O
254,local,O
254,ward,O
254,",",O
254,one,O
254,councillor,O
254,is,O
254,elected,O
254,every,O
254,year,O
254,",",O
254,except,O
254,every,O
254,four,O
254,years,O
254,which,O
254,is,O
254,classed,O
254,as,O
254,a,O
254,fallow,O
254,year,O
254,.,O
255,These,O
255,elections,O
255,were,O
255,originally,O
255,scheduled,O
255,for,O
255,2020,O
255,but,O
255,were,O
255,suspended,O
255,for,O
255,a,O
255,year,O
255,due,O
255,to,O
255,the,b
255,COVID-19,i
255,pandemic,i
255,.,O
256,Due,O
256,to,O
256,the,O
256,delayed,O
256,election,O
256,those,O
256,councillors,O
256,elected,O
256,in,O
256,2021,O
256,will,O
256,serve,O
256,a,O
256,three-year,O
256,term,O
256,",",O
256,expiring,O
256,in,O
256,2024,O
256,.,O
257,The,b
257,RBC,i
257,Canadian,i
257,Painting,i
257,Competition,i
257,was,O
257,an,O
257,open,O
257,competition,O
257,for,O
257,emerging,O
257,Canadian,O
257,artists,O
257,that,O
257,was,O
257,established,O
257,in,O
257,1999,O
257,.,O
258,The,O
258,RBC,b
258,Canadian,i
258,Painting,i
258,Competition,i
258,is,O
258,supported,O
258,by,O
258,the,O
258,Canadian,O
258,Art,O
258,Foundation,O
258,",",O
258,the,O
258,publisher,O
258,of,O
258,Canadian,O
258,Art,O
258,(,O
258,magazine,O
258,),O
258,.,O
259,Initially,O
259,naming,O
259,three,O
259,regional,O
259,winners,O
259,",",O
259,since,O
259,2004,O
259,there,O
259,were,O
259,one,O
259,national,O
259,winner,O
259,and,O
259,two,O
259,honourable,O
259,mentions,O
259,.,O
260,The,O
260,first,O
260,two,O
260,competitions,O
260,had,O
260,only,O
260,winner,O
260,and,O
260,runner-up,O
260,.,O
261,The,O
261,competition,O
261,had,O
261,15,O
261,finalists,O
261,",",O
261,five,O
261,from,O
261,three,O
261,regions,O
261,in,O
261,Canada,O
261,",",O
261,Eastern,O
261,Canada,O
261,(,O
261,Quebec,O
261,",",O
261,Nova,O
261,Scotia,O
261,",",O
261,New,O
261,Brunswick,O
261,",",O
261,PEI,O
261,",",O
261,Newfoundland,O
261,and,O
261,Labrador,O
261,),O
261,",",O
261,Central,O
261,Canada,O
261,(,O
261,Ontario,O
261,),O
261,",",O
261,Western,O
261,Canada,O
261,(,O
261,Manitoba,O
261,",",O
261,Saskatchewan,O
261,",",O
261,Alberta,O
261,",",O
261,British,O
261,Columbia,O
261,",",O
261,Yukon,O
261,",",O
261,Northwest,O
261,Territories,O
261,",",O
261,Nunavut,O
261,),O
261,.,O
262,Three,O
262,regional,O
262,juries,O
262,convened,O
262,to,O
262,determine,O
262,one,O
262,national,O
262,winner,O
262,and,O
262,two,O
262,honourable,O
262,mentions,O
262,from,O
262,the,O
262,15,O
262,finalists,O
262,.,O
263,The,O
263,national,O
263,winner,O
263,received,O
263,a,O
263,purchase,O
263,prize,O
263,of,O
263,$,O
263,"25,000",O
263,",",O
263,the,O
263,two,O
263,honourable,O
263,mentions,O
263,each,O
263,received,O
263,$,O
263,"15,000",O
263,and,O
263,the,O
263,remaining,O
263,12,O
263,finalists,O
263,receive,O
263,$,O
263,"2,500",O
263,each,O
263,.,O
264,The,O
264,winning,O
264,work,O
264,and,O
264,the,O
264,honourable,O
264,mentions,O
264,became,O
264,part,O
264,of,O
264,the,O
264,RBC,b
264,Corporate,i
264,Art,i
264,Collection,i
264,which,O
264,holds,O
264,more,O
264,than,O
264,"4,500",O
264,works,O
264,.,O
265,In,O
265,2016,O
265,",",O
265,586,O
265,works,O
265,were,O
265,submitted,O
265,.,O
266,In,O
266,2008,O
266,an,O
266,exhibition,O
266,at,O
266,the,O
266,National,O
266,Gallery,O
266,of,O
266,Canada,O
266,in,O
266,Ottawa,O
266,and,O
266,the,O
266,Musée,O
266,d'art,O
266,contemporain,O
266,de,O
266,Montréal,O
266,provided,O
266,an,O
266,overview,O
266,of,O
266,the,O
266,first,O
266,ten,O
266,years,O
266,of,O
266,the,O
266,competition,O
266,.,O
267,The,O
267,RBC,O
267,concluded,O
267,the,b
267,RBC,i
267,Canadian,i
267,Painting,i
267,Competition,i
267,in,O
267,2019,O
267,.,O
268,The,O
268,Summer,b
268,of,i
268,Love,i
268,was,O
268,a,O
268,major,O
268,social,O
268,phenomenon,O
268,that,O
268,occurred,O
268,in,O
268,San,O
268,Francisco,O
268,during,O
268,the,O
268,summer,O
268,of,O
268,1967,O
268,.,O
269,As,O
269,many,O
269,as,O
269,"100,000",O
269,people,O
269,",",O
269,mostly,O
269,young,O
269,people,O
269,",",O
269,hippies,O
269,",",O
269,beatniks,O
269,",",O
269,and,O
269,1960s,O
269,counterculture,O
269,figures,O
269,",",O
269,converged,O
269,in,O
269,San,O
269,Francisco,O
269,'s,O
269,Haight-Ashbury,O
269,district,O
269,and,O
269,Golden,O
269,Gate,O
269,Park,O
269,.,O
270,More,O
270,broadly,O
270,",",O
270,the,b
270,Summer,i
270,of,i
270,Love,i
270,encompassed,O
270,hippie,O
270,culture,O
270,",",O
270,spiritual,O
270,awakening,O
270,",",O
270,hallucinogenic,O
270,drugs,O
270,",",O
270,anti-war,O
270,sentiment,O
270,",",O
270,and,O
270,free,O
270,love,O
270,throughout,O
270,the,O
270,West,O
270,Coast,O
270,of,O
270,the,O
270,United,O
270,States,O
270,",",O
270,and,O
270,as,O
270,far,O
270,away,O
270,as,O
270,New,O
270,York,O
270,City,O
270,.,O
271,An,O
271,episode,O
271,of,O
271,the,O
271,PBS,O
271,documentary,O
271,series,O
271,American,O
271,Experience,O
271,referred,O
271,to,O
271,the,O
271,Summer,b
271,of,i
271,Love,i
271,as,O
271,``,O
271,the,O
271,largest,O
271,migration,O
271,of,O
271,young,O
271,people,O
271,in,O
271,the,O
271,history,O
271,of,O
271,America,O
271,'',O
271,.,O
272,Hippies,O
272,",",O
272,sometimes,O
272,called,O
272,flower,O
272,children,O
272,",",O
272,were,O
272,an,O
272,eclectic,O
272,group,O
272,.,O
273,Many,O
273,opposed,O
273,the,O
273,Vietnam,b
273,War,i
273,",",O
273,were,O
273,suspicious,O
273,of,O
273,government,O
273,",",O
273,and,O
273,rejected,O
273,consumerist,O
273,values,O
273,.,O
274,In,O
274,the,O
274,United,O
274,States,O
274,",",O
274,counterculture,O
274,groups,O
274,rejected,O
274,suburbia,O
274,and,O
274,the,b
274,American,i
274,way,i
274,and,O
274,instead,O
274,opted,O
274,for,O
274,a,O
274,communal,O
274,lifestyle,O
274,.,O
275,Some,O
275,hippies,O
275,were,O
275,active,O
275,in,O
275,political,O
275,organization,O
275,",",O
275,whereas,O
275,others,O
275,were,O
275,passive,O
275,and,O
275,more,O
275,concerned,O
275,with,O
275,art,O
275,(,O
275,music,O
275,",",O
275,painting,O
275,",",O
275,poetry,O
275,in,O
275,particular,O
275,),O
275,or,O
275,spiritual,O
275,and,O
275,meditative,O
275,practices,O
275,.,O
276,Many,O
276,hippies,O
276,took,O
276,interest,O
276,in,O
276,ancient,O
276,Indian,O
276,religion,O
276,",",O
276,such,O
276,as,O
276,Hinduism,O
276,and,O
276,Buddhism,O
276,.,O
277,Plano,b
277,Balloon,i
277,Festival,i
277,is,O
277,held,O
277,each,O
277,September,O
277,at,O
277,Oak,O
277,Point,O
277,Park,O
277,and,O
277,Nature,O
277,Preserve,O
277,in,O
277,the,O
277,city,O
277,of,O
277,Plano,O
277,",",O
277,Texas,O
277,.,O
278,It,O
278,is,O
278,one,O
278,of,O
278,the,O
278,city,O
278,'s,O
278,largest,O
278,celebrations,O
278,.,O
279,The,O
279,festival,O
279,was,O
279,cancelled,O
279,in,O
279,2018,O
279,because,O
279,of,O
279,heavy,O
279,rains,O
279,and,O
279,flooding,O
279,.,O
280,It,O
280,was,O
280,also,O
280,cancelled,O
280,in,O
280,2020,O
280,and,O
280,2021,O
280,from,O
280,the,O
280,COVID-19,b
280,pandemic,i
280,.,O
281,It,O
281,returned,O
281,in,O
281,September,O
281,2022,O
281,.,O
282,Operation,b
282,Frequent,i
282,Wind,i
282,was,O
282,the,O
282,final,O
282,phase,O
282,in,O
282,the,O
282,evacuation,O
282,of,O
282,American,O
282,civilians,O
282,and,O
282,``,O
282,at-risk,O
282,'',O
282,Vietnamese,O
282,from,O
282,Saigon,O
282,",",O
282,South,O
282,Vietnam,O
282,",",O
282,before,O
282,the,O
282,takeover,O
282,of,O
282,the,O
282,city,O
282,by,O
282,the,O
282,North,O
282,Vietnamese,O
282,People,O
282,'s,O
282,Army,O
282,of,O
282,Vietnam,O
282,(,O
282,PAVN,O
282,),O
282,in,O
282,the,b
282,Fall,i
282,of,i
282,Saigon,i
282,.,O
283,It,O
283,was,O
283,carried,O
283,out,O
283,on,O
283,29-30,O
283,April,O
283,1975,O
283,",",O
283,during,O
283,the,O
283,last,O
283,days,O
283,of,O
283,the,O
283,Vietnam,b
283,War,i
283,.,O
284,More,O
284,than,O
284,"7,000",O
284,people,O
284,were,O
284,evacuated,O
284,by,O
284,helicopter,O
284,from,O
284,various,O
284,points,O
284,in,O
284,Saigon,O
284,.,O
285,The,O
285,airlift,O
285,resulted,O
285,in,O
285,a,O
285,number,O
285,of,O
285,enduring,O
285,images,O
285,.,O
286,Evacuation,O
286,plans,O
286,already,O
286,existed,O
286,as,O
286,a,O
286,standard,O
286,procedure,O
286,for,O
286,American,O
286,embassies,O
286,.,O
287,At,O
287,the,O
287,beginning,O
287,of,O
287,March,O
287,",",O
287,fixed-wing,O
287,aircraft,O
287,began,O
287,evacuating,O
287,civilians,O
287,from,O
287,Tan,O
287,Son,O
287,Nhat,O
287,Airport,O
287,through,O
287,neighboring,O
287,countries,O
287,.,O
288,By,O
288,mid-April,O
288,",",O
288,contingency,O
288,plans,O
288,were,O
288,in,O
288,place,O
288,and,O
288,preparations,O
288,were,O
288,underway,O
288,for,O
288,a,O
288,possible,O
288,helicopter,O
288,evacuation,O
288,.,O
289,As,O
289,the,O
289,imminent,O
289,collapse,b
289,of,i
289,Saigon,i
289,became,O
289,evident,O
289,",",O
289,the,O
289,U.S.,O
289,Navy,O
289,assembled,O
289,Task,O
289,Force,O
289,76,O
289,off,O
289,the,O
289,coast,O
289,near,O
289,Vung,O
289,Tau,O
289,to,O
289,support,O
289,a,O
289,helicopter,O
289,evacuation,O
289,and,O
289,provide,O
289,air,O
289,support,O
289,if,O
289,required,O
289,.,O
290,In,O
290,the,O
290,event,O
290,",",O
290,air,O
290,support,O
290,was,O
290,not,O
290,needed,O
290,as,O
290,the,O
290,North,O
290,Vietnamese,O
290,paused,O
290,for,O
290,a,O
290,week,O
290,at,O
290,the,O
290,outskirts,O
290,of,O
290,Saigon,O
290,",",O
290,possibly,O
290,waiting,O
290,for,O
290,the,O
290,South,O
290,Vietnamese,O
290,government,O
290,to,O
290,collapse,O
290,and,O
290,avoiding,O
290,a,O
290,possible,O
290,confrontation,O
290,with,O
290,the,O
290,U.S.,O
290,by,O
290,allowing,O
290,the,O
290,mostly-unopposed,O
290,evacuation,O
290,of,O
290,Americans,O
290,from,O
290,Saigon,O
290,.,O
291,:,O
291,14,O
291,On,O
291,28,O
291,April,O
291,",",O
291,Tan,O
291,Son,O
291,Nhut,O
291,Air,O
291,Base,O
291,(,O
291,next,O
291,to,O
291,the,O
291,airport,O
291,),O
291,came,O
291,under,O
291,artillery,O
291,fire,O
291,and,O
291,attack,O
291,from,O
291,Vietnamese,O
291,People,O
291,'s,O
291,Air,O
291,Force,O
291,aircraft,O
291,.,O
292,The,O
292,fixed-wing,O
292,evacuation,O
292,was,O
292,terminated,O
292,and,O
292,Operation,b
292,Frequent,i
292,Wind,i
292,began,O
292,.,O
293,During,O
293,the,O
293,fixed-wing,O
293,evacuation,O
293,"50,493",O
293,people,O
293,(,O
293,including,O
293,"2,678",O
293,Vietnamese,O
293,orphans,O
293,),O
293,were,O
293,evacuated,O
293,from,O
293,Tan,O
293,Son,O
293,Nhut,O
293,.,O
294,The,O
294,evacuation,O
294,took,O
294,place,O
294,primarily,O
294,from,O
294,the,O
294,Defense,O
294,Attaché,O
294,Office,O
294,compound,O
294,",",O
294,beginning,O
294,around,O
294,14:00,O
294,on,O
294,the,O
294,afternoon,O
294,of,O
294,29,O
294,April,O
294,",",O
294,and,O
294,ending,O
294,that,O
294,night,O
294,with,O
294,only,O
294,limited,O
294,small,O
294,arms,O
294,damage,O
294,to,O
294,the,O
294,helicopters,O
294,.,O
295,The,O
295,U.S.,O
295,Embassy,O
295,in,O
295,Saigon,O
295,was,O
295,intended,O
295,to,O
295,only,O
295,be,O
295,a,O
295,secondary,O
295,evacuation,O
295,point,O
295,for,O
295,embassy,O
295,staff,O
295,",",O
295,but,O
295,it,O
295,was,O
295,soon,O
295,overwhelmed,O
295,with,O
295,evacuees,O
295,and,O
295,desperate,O
295,South,O
295,Vietnamese,O
295,.,O
296,The,O
296,evacuation,O
296,of,O
296,the,O
296,embassy,O
296,was,O
296,completed,O
296,at,O
296,7:53,O
296,on,O
296,30,O
296,April,O
296,",",O
296,but,O
296,some,O
296,Americans,O
296,chose,O
296,to,O
296,stay,O
296,or,O
296,were,O
296,left,O
296,behind,O
296,and,O
296,some,O
296,400,O
296,third-country,O
296,nationals,O
296,were,O
296,left,O
296,at,O
296,the,O
296,embassy,O
296,.,O
297,Tens,O
297,of,O
297,thousands,O
297,of,O
297,Vietnamese,O
297,evacuated,O
297,themselves,O
297,by,O
297,sea,O
297,or,O
297,air,O
297,.,O
298,With,O
298,the,O
298,collapse,O
298,of,O
298,South,O
298,Vietnam,O
298,",",O
298,numerous,O
298,boats,O
298,and,O
298,ships,O
298,",",O
298,Republic,O
298,of,O
298,Vietnam,O
298,Air,O
298,Force,O
298,(,O
298,RVNAF,O
298,),O
298,helicopters,O
298,and,O
298,some,O
298,fixed-wing,O
298,aircraft,O
298,sailed,O
298,or,O
298,flew,O
298,out,O
298,to,O
298,the,O
298,evacuation,O
298,fleet,O
298,.,O
299,Helicopters,O
299,began,O
299,to,O
299,clog,O
299,ship,O
299,decks,O
299,and,O
299,eventually,O
299,",",O
299,some,O
299,were,O
299,pushed,O
299,overboard,O
299,to,O
299,allow,O
299,others,O
299,to,O
299,land,O
299,.,O
300,Pilots,O
300,of,O
300,other,O
300,helicopters,O
300,were,O
300,told,O
300,to,O
300,drop,O
300,off,O
300,their,O
300,passengers,O
300,and,O
300,then,O
300,take,O
300,off,O
300,and,O
300,ditch,O
300,in,O
300,the,O
300,sea,O
300,",",O
300,from,O
300,where,O
300,they,O
300,would,O
300,be,O
300,rescued,O
300,.,O
301,In,O
301,Operation,b
301,Frequent,i
301,Wind,i
301,a,O
301,total,O
301,of,O
301,"1,373",O
301,Americans,O
301,and,O
301,"5,595",O
301,Vietnamese,O
301,and,O
301,third-country,O
301,nationals,O
301,were,O
301,evacuated,O
301,by,O
301,helicopter,O
301,.,O
302,:,O
302,258,O
302,The,O
302,total,O
302,number,O
302,of,O
302,Vietnamese,O
302,evacuated,O
302,by,O
302,Frequent,O
302,Wind,O
302,or,O
302,self-evacuated,O
302,and,O
302,ending,O
302,up,O
302,in,O
302,the,O
302,custody,O
302,of,O
302,the,O
302,United,O
302,States,O
302,for,O
302,processing,O
302,as,O
302,refugees,O
302,to,O
302,enter,O
302,the,O
302,United,O
302,States,O
302,totalled,O
302,"138,869.00",O
302,:,O
302,92,O
302,This,O
302,operation,O
302,was,O
302,also,O
302,the,O
302,debut,O
302,combat,O
302,deployment,O
302,of,O
302,the,O
302,F-14,O
302,Tomcat,O
302,aircraft,O
302,.,O
303,The,b
303,499,i
303,Nicopolis,i
303,earthquake,i
303,took,O
303,place,O
303,in,O
303,September,O
303,499,O
303,.,O
304,It,O
304,affected,O
304,the,O
304,cities,O
304,of,O
304,Nicopolis,O
304,",",O
304,Neocaesarea,O
304,(,O
304,modern,O
304,Niksar,O
304,),O
304,",",O
304,Arsamosata,O
304,",",O
304,and,O
304,Abarne,O
304,.,O
305,General,O
305,elections,O
305,were,O
305,held,O
305,in,O
305,Western,O
305,Samoa,O
305,on,O
305,30,O
305,November,O
305,1926,O
305,.,O
306,The,b
306,1994,i
306,NHL,i
306,supplemental,i
306,draft,i
306,was,O
306,the,O
306,ninth,O
306,and,O
306,final,O
306,NHL,b
306,supplemental,i
306,draft,i
306,.,O
307,It,O
307,was,O
307,held,O
307,on,O
307,June,O
307,28,O
307,",",O
307,1994,O
307,.,O
308,It,O
308,was,O
308,limited,O
308,to,O
308,the,O
308,ten,O
308,teams,O
308,that,O
308,missed,O
308,the,b
308,1994,i
308,Stanley,i
308,Cup,i
308,playoffs,i
308,.,O
309,The,O
309,2018,b
309,Africa,i
309,Beach,i
309,Soccer,i
309,Cup,i
309,of,i
309,Nations,i
309,was,O
309,the,O
309,third,O
309,edition,O
309,of,O
309,the,b
309,Africa,i
309,Beach,i
309,Soccer,i
309,Cup,i
309,of,i
309,Nations,i
309,(,O
309,BSAFCON,O
309,),O
309,",",O
309,the,O
309,premier,O
309,beach,O
309,soccer,O
309,championship,O
309,in,O
309,Africa,O
309,contested,O
309,by,O
309,men,O
309,'s,O
309,national,O
309,teams,O
309,who,O
309,are,O
309,members,O
309,of,O
309,the,O
309,Confederation,O
309,of,O
309,African,O
309,Football,O
309,(,O
309,CAF,O
309,),O
309,.,O
310,Originally,O
310,organised,O
310,by,O
310,Beach,O
310,Soccer,O
310,Worldwide,O
310,(,O
310,BSWW,O
310,),O
310,under,O
310,the,O
310,title,O
310,FIFA,b
310,Beach,i
310,Soccer,i
310,World,i
310,Cup,i
310,CAF,O
310,qualifier,O
310,(,O
310,informally,O
310,known,O
310,as,O
310,CAF,b
310,Beach,i
310,Soccer,i
310,Championship,i
310,),O
310,",",O
310,in,O
310,2015,O
310,",",O
310,CAF,O
310,became,O
310,organisers,O
310,and,O
310,began,O
310,using,O
310,the,O
310,BSAFCON,O
310,title,O
310,to,O
310,which,O
310,the,O
310,competition,O
310,was,O
310,officially,O
310,renamed,O
310,the,O
310,next,O
310,year,O
310,.,O
311,Overall,O
311,",",O
311,this,O
311,was,O
311,the,O
311,9th,O
311,edition,O
311,of,O
311,the,O
311,event,O
311,.,O
312,The,O
312,tournament,O
312,was,O
312,played,O
312,in,O
312,Sharm,O
312,El,O
312,Sheikh,O
312,",",O
312,Egypt,O
312,;,O
312,the,O
312,North,O
312,African,O
312,country,O
312,was,O
312,awarded,O
312,the,O
312,hosting,O
312,rights,O
312,as,O
312,they,O
312,were,O
312,the,O
312,only,O
312,nation,O
312,to,O
312,express,O
312,interest,O
312,by,O
312,the,O
312,deadline,O
312,.,O
313,The,O
313,finals,O
313,were,O
313,held,O
313,from,O
313,14-Aug,O
313,December,O
313,.,O
314,Qualification,O
314,took,O
314,place,O
314,between,O
314,23-Jul,O
314,September,O
314,.,O
315,The,O
315,event,O
315,also,O
315,acted,O
315,as,O
315,the,O
315,qualification,O
315,route,O
315,for,O
315,African,O
315,teams,O
315,to,O
315,the,O
315,2019,O
315,FIFA,O
315,Beach,O
315,Soccer,O
315,World,O
315,Cup,O
315,in,O
315,Paraguay,O
315,;,O
315,the,O
315,winners,O
315,and,O
315,runners-up,O
315,qualify,O
315,.,O
316,Senegal,O
316,were,O
316,the,O
316,defending,O
316,champions,O
316,and,O
316,successfully,O
316,defended,O
316,their,O
316,title,O
316,",",O
316,after,O
316,defeating,O
316,Nigeria,O
316,1-Jun,O
316,in,O
316,the,O
316,final,O
316,to,O
316,secure,O
316,their,O
316,5th,O
316,title,O
316,.,O
317,The,b
317,Constitution,i
317,of,i
317,the,i
317,Federated,i
317,States,i
317,of,i
317,Micronesia,i
317,is,O
317,the,O
317,supreme,O
317,law,O
317,of,O
317,the,O
317,Federated,O
317,States,O
317,of,O
317,Micronesia,O
317,.,O
318,It,O
318,was,O
318,adopted,O
318,in,O
318,1979,O
318,.,O
319,The,b
319,European,i
319,Federation,i
319,of,i
319,Biotechnology,i
319,(,i
319,EFB,i
319,),i
319,was,O
319,established,O
319,by,O
319,European,O
319,scientists,O
319,in,O
319,1978,O
319,.,O
320,It,O
320,is,O
320,a,O
320,non-profit,O
320,federation,O
320,of,O
320,national,O
320,biotechnology,O
320,associations,O
320,",",O
320,learned,O
320,societies,O
320,",",O
320,universities,O
320,",",O
320,scientific,O
320,institutes,O
320,",",O
320,biotechnology,O
320,companies,O
320,and,O
320,individual,O
320,biotechnologists,O
320,working,O
320,to,O
320,promote,O
320,biotechnology,O
320,throughout,O
320,Europe,O
320,and,O
320,beyond,O
320,.,O
321,Its,O
321,mission,O
321,is,O
321,to,O
321,promote,O
321,the,O
321,safe,O
321,",",O
321,sustainable,O
321,and,O
321,beneficial,O
321,use,O
321,of,O
321,life,O
321,sciences,O
321,",",O
321,to,O
321,promote,O
321,cutting,O
321,edge,O
321,research,O
321,and,O
321,innovation,O
321,",",O
321,to,O
321,provide,O
321,a,O
321,forum,O
321,for,O
321,interdisciplinary,O
321,and,O
321,international,O
321,cooperation,O
321,",",O
321,to,O
321,improve,O
321,scientific,O
321,education,O
321,and,O
321,to,O
321,facilitate,O
321,an,O
321,informed,O
321,dialogue,O
321,between,O
321,scientists,O
321,",",O
321,the,O
321,biotechnology,O
321,industries,O
321,and,O
321,the,O
321,public,O
321,.,O
322,The,b
322,2022,i
322,European,i
322,Junior,i
322,Judo,i
322,Championships,i
322,was,O
322,held,O
322,at,O
322,the,O
322,UNYP,O
322,Arena,O
322,in,O
322,Prague,O
322,",",O
322,Czech,O
322,Republic,O
322,",",O
322,from,O
322,15,O
322,to,O
322,18,O
322,September,O
322,2022,O
322,.,O
323,The,O
323,final,O
323,day,O
323,of,O
323,competition,O
323,featured,O
323,a,O
323,mixed,O
323,team,O
323,event,O
323,.,O